{
	"credit": "Made with Blockbench",
	"texture_size": [32, 32],
	"textures": {
		"2": "item/zanit/upgraded/triangle_purple_lightningsword",
		"3": "item/zanit/upgraded/outline_purple_lightningsword",
		"4": "item/zanit/upgraded/triangle_dark_purple_lightningsword",
		"5": "item/zanit/upgraded/front_purple_lightningsword",
		"6": "item/zanit/upgraded/front_red_lightningsword",
		"8": "item/zanit/upgraded/color_palettes_lightningsword",
		"particle": "item/zanit/upgraded/color_palettes_lightningsword"
	},
	"elements": [
		{
			"name": "hexadecagon",
			"from": [7.20402, 18.72059, 5.45975],
			"to": [8.20402, 19.81461, 6.95975],
			"rotation": {"angle": 45, "axis": "x", "origin": [8.16757, 8.19845, 7.36329]},
			"faces": {
				"north": {"uv": [4.1, 1.1, 4.9, 1.9], "rotation": 90, "texture": "#8"},
				"south": {"uv": [3.1, 1.1, 3.9, 1.9], "rotation": 270, "texture": "#8"},
				"west": {"uv": [3.1, 1.1, 4.9, 1.9], "rotation": 180, "texture": "#8"}
			}
		},
		{
			"name": "hexadecagon",
			"from": [7.20453, 17.55407, 9.6313],
			"to": [8.20453, 18.64809, 11.1313],
			"rotation": {"angle": 22.5, "axis": "x", "origin": [8.16757, 8.19845, 7.36329]},
			"faces": {
				"north": {"uv": [4.1, 1.1, 4.9, 1.9], "rotation": 90, "texture": "#8"},
				"east": {"uv": [4.1, 1.1, 4.9, 1.9], "rotation": 270, "texture": "#8"},
				"south": {"uv": [3.1, 2.1, 3.9, 2.9], "rotation": 270, "texture": "#8"},
				"west": {"uv": [3.1, 1.1, 4.775, 1.9], "rotation": 180, "texture": "#8"}
			}
		},
		{
			"name": "hexadecagon",
			"from": [7.20402, 14.87997, 13.0389],
			"to": [8.20402, 15.97399, 14.5389],
			"rotation": {"angle": 0, "axis": "y", "origin": [8.16757, 8.19845, 7.36329]},
			"faces": {
				"north": {"uv": [4.1, 1.1, 4.9, 1.9], "rotation": 90, "texture": "#8"},
				"east": {"uv": [4.1, 1.1, 4.9, 1.9], "rotation": 270, "texture": "#8"},
				"south": {"uv": [3.1, 2.1, 3.9, 2.9], "rotation": 270, "texture": "#8"},
				"west": {"uv": [3.1, 1.1, 4.9, 1.9], "rotation": 180, "texture": "#8"}
			}
		},
		{
			"name": "hexadecagon",
			"from": [7.35453, 15.17997, 11.3139],
			"to": [7.77953, 15.67399, 12.5389],
			"rotation": {"angle": 0, "axis": "y", "origin": [8.16757, 8.19845, 7.36329]},
			"faces": {
				"east": {"uv": [4, 2, 5, 3], "rotation": 180, "texture": "#8"},
				"west": {"uv": [4, 2, 5, 3], "rotation": 180, "texture": "#8"}
			}
		},
		{
			"name": "hexadecagon",
			"from": [7.35453, 18.69784, 15.54],
			"to": [7.77953, 19.92284, 16.03402],
			"rotation": {"angle": 0, "axis": "y", "origin": [8.16757, 8.19845, 7.36329]},
			"faces": {
				"east": {"uv": [4, 2, 5, 3], "rotation": 90, "texture": "#8"},
				"south": {"uv": [4.1, 1.1, 4.9, 1.9], "rotation": 270, "texture": "#8"},
				"west": {"uv": [4, 2, 5, 3], "rotation": 270, "texture": "#8"}
			}
		},
		{
			"name": "hexadecagon",
			"from": [7.35453, 19.02997, 3.7389],
			"to": [7.77953, 19.52399, 4.9639],
			"rotation": {"angle": 45, "axis": "x", "origin": [8.16757, 8.19845, 7.36329]},
			"faces": {
				"east": {"uv": [4, 2, 5, 3], "rotation": 180, "texture": "#8"},
				"west": {"uv": [4, 2, 5, 3], "rotation": 180, "texture": "#8"},
				"down": {"uv": [4.1, 1.1, 4.9, 1.9], "rotation": 270, "texture": "#8"}
			}
		},
		{
			"name": "hexadecagon",
			"from": [7.20453, 11.10539, 15.16377],
			"to": [8.20453, 12.19941, 16.66377],
			"rotation": {"angle": -22.5, "axis": "x", "origin": [8.16757, 8.19845, 7.36329]},
			"faces": {
				"north": {"uv": [4.1, 1.1, 4.9, 1.9], "rotation": 90, "texture": "#8"},
				"east": {"uv": [4.1, 1.1, 4.9, 1.9], "rotation": 270, "texture": "#8"},
				"south": {"uv": [3.1, 2.1, 3.9, 2.9], "rotation": 270, "texture": "#8"},
				"west": {"uv": [3.1, 1.1, 4.775, 1.9], "rotation": 180, "texture": "#8"}
			}
		},
		{
			"name": "hexadecagon",
			"from": [7.20402, 6.80498, 15.68243],
			"to": [8.20402, 7.899, 17.18243],
			"rotation": {"angle": -45, "axis": "x", "origin": [8.16757, 8.19845, 7.36329]},
			"faces": {
				"north": {"uv": [4.1, 1.1, 4.9, 1.9], "rotation": 90, "texture": "#8"},
				"east": {"uv": [4.1, 1.1, 4.9, 1.9], "rotation": 270, "texture": "#8"},
				"south": {"uv": [3.1, 2.1, 3.9, 2.9], "rotation": 270, "texture": "#8"},
				"west": {"uv": [3.1, 1.1, 4.9, 1.9], "rotation": 180, "texture": "#8"}
			}
		},
		{
			"name": "hexadecagon",
			"from": [7.30453, 6.55498, 14.93243],
			"to": [7.80453, 8.149, 16.18243],
			"rotation": {"angle": -45, "axis": "x", "origin": [8.16757, 8.19845, 7.36329]},
			"faces": {
				"east": {"uv": [4.1, 1.1, 4.9, 1.9], "rotation": 270, "texture": "#8"},
				"west": {"uv": [4.1, 1.1, 4.9, 1.9], "rotation": 270, "texture": "#8"},
				"up": {"uv": [4.1, 1.1, 4.9, 1.9], "rotation": 270, "texture": "#8"},
				"down": {"uv": [5.1, 1.1, 5.9, 1.9], "rotation": 180, "texture": "#8"}
			}
		},
		{
			"name": "hexadecagon",
			"from": [7.30453, 12.31531, 12.67723],
			"to": [7.80453, 13.6889, 14.05082],
			"rotation": {"angle": 0, "axis": "x", "origin": [8.16757, 8.19845, 7.36329]},
			"faces": {
				"north": {"uv": [4.1, 1.1, 4.9, 1.9], "rotation": 90, "texture": "#8"},
				"east": {"uv": [4.1, 1.1, 4.9, 1.9], "rotation": 270, "texture": "#8"},
				"south": {"uv": [5.1, 1.1, 5.9, 1.9], "rotation": 180, "texture": "#8"},
				"west": {"uv": [4.1, 1.1, 4.9, 1.9], "rotation": 270, "texture": "#8"},
				"up": {"uv": [5.1, 1.1, 5.9, 1.9], "rotation": 180, "texture": "#8"},
				"down": {"uv": [4.1, 1.1, 4.9, 1.9], "rotation": 270, "texture": "#8"}
			}
		},
		{
			"name": "hexadecagon",
			"from": [7.20402, 18.72059, 9.45975],
			"to": [8.20402, 19.81461, 10.95975],
			"rotation": {"angle": 45, "axis": "x", "origin": [8.16757, 8.19845, 7.36329]},
			"faces": {
				"north": {"uv": [3.1, 1.1, 3.9, 1.9], "rotation": 90, "texture": "#8"},
				"south": {"uv": [4.1, 1.1, 4.9, 1.9], "rotation": 270, "texture": "#8"},
				"west": {"uv": [3.1, 1.1, 4.9, 1.9], "texture": "#8"}
			}
		},
		{
			"name": "hexadecagon",
			"from": [7.20453, 17.55407, 13.6313],
			"to": [8.20453, 18.64809, 15.1313],
			"rotation": {"angle": 22.5, "axis": "x", "origin": [8.16757, 8.19845, 7.36329]},
			"faces": {
				"north": {"uv": [3.1, 1.1, 3.9, 1.9], "rotation": 90, "texture": "#8"},
				"east": {"uv": [4.1, 1.1, 4.9, 1.9], "rotation": 270, "texture": "#8"},
				"south": {"uv": [5.1, 1.1, 5.9, 1.9], "rotation": 180, "texture": "#8"},
				"west": {"uv": [3.1, 1.1, 4.775, 1.9], "texture": "#8"}
			}
		},
		{
			"name": "hexadecagon",
			"from": [7.20402, 14.87997, 17.0389],
			"to": [8.20402, 15.97399, 18.5389],
			"rotation": {"angle": 0, "axis": "y", "origin": [8.16757, 8.19845, 7.36329]},
			"faces": {
				"north": {"uv": [3.1, 1.1, 3.9, 1.9], "rotation": 90, "texture": "#8"},
				"east": {"uv": [4.1, 1.1, 4.9, 1.9], "rotation": 270, "texture": "#8"},
				"south": {"uv": [5.1, 1.1, 5.9, 1.9], "rotation": 180, "texture": "#8"},
				"west": {"uv": [3.1, 1.1, 4.9, 1.9], "texture": "#8"}
			}
		},
		{
			"name": "hexadecagon",
			"from": [7.20453, 11.10539, 19.16377],
			"to": [8.20453, 12.19941, 20.66377],
			"rotation": {"angle": -22.5, "axis": "x", "origin": [8.16757, 8.19845, 7.36329]},
			"faces": {
				"north": {"uv": [3.1, 1.1, 3.9, 1.9], "rotation": 90, "texture": "#8"},
				"east": {"uv": [4.1, 1.1, 4.9, 1.9], "rotation": 270, "texture": "#8"},
				"south": {"uv": [5.1, 1.1, 5.9, 1.9], "rotation": 180, "texture": "#8"},
				"west": {"uv": [3.1, 1.1, 4.775, 1.9], "texture": "#8"}
			}
		},
		{
			"name": "hexadecagon",
			"from": [7.20402, 6.80498, 19.68243],
			"to": [8.20402, 7.899, 21.18243],
			"rotation": {"angle": -45, "axis": "x", "origin": [8.16757, 8.19845, 7.36329]},
			"faces": {
				"north": {"uv": [3.1, 1.1, 3.9, 1.9], "rotation": 90, "texture": "#8"},
				"east": {"uv": [4.1, 1.1, 4.9, 1.9], "rotation": 270, "texture": "#8"},
				"south": {"uv": [5.1, 1.1, 5.9, 1.9], "rotation": 180, "texture": "#8"},
				"west": {"uv": [3.1, 1.1, 4.9, 1.9], "texture": "#8"}
			}
		},
		{
			"name": "hexadecagon",
			"from": [7.20453, 15.35108, 11.83429],
			"to": [8.20453, 16.85108, 12.92831],
			"rotation": {"angle": 22.5, "axis": "x", "origin": [8.16757, 8.19845, 7.36329]},
			"faces": {
				"east": {"uv": [4.1, 1.1, 4.9, 1.9], "rotation": 270, "texture": "#8"},
				"west": {"uv": [3.1, 1.1, 4.775, 1.9], "rotation": 90, "texture": "#8"},
				"up": {"uv": [3.1, 2.1, 3.9, 2.9], "rotation": 270, "texture": "#8"},
				"down": {"uv": [4.1, 1.1, 4.9, 1.9], "rotation": 270, "texture": "#8"}
			}
		},
		{
			"name": "hexadecagon",
			"from": [7.20402, 12.67698, 15.24189],
			"to": [8.20402, 14.17698, 16.33591],
			"rotation": {"angle": 0, "axis": "y", "origin": [8.16757, 8.19845, 7.36329]},
			"faces": {
				"east": {"uv": [4.1, 1.1, 4.9, 1.9], "rotation": 270, "texture": "#8"},
				"west": {"uv": [3.1, 1.1, 4.9, 1.9], "rotation": 90, "texture": "#8"},
				"up": {"uv": [3.1, 2.1, 3.9, 2.9], "rotation": 270, "texture": "#8"},
				"down": {"uv": [4.1, 1.1, 4.9, 1.9], "rotation": 270, "texture": "#8"}
			}
		},
		{
			"name": "hexadecagon",
			"from": [7.20453, 8.9024, 17.36676],
			"to": [8.20453, 10.4024, 18.46078],
			"rotation": {"angle": -22.5, "axis": "x", "origin": [8.16757, 8.19845, 7.36329]},
			"faces": {
				"east": {"uv": [4.1, 1.1, 4.9, 1.9], "rotation": 270, "texture": "#8"},
				"west": {"uv": [3.1, 1.1, 4.775, 1.9], "rotation": 90, "texture": "#8"},
				"up": {"uv": [3.1, 2.1, 3.9, 2.9], "rotation": 270, "texture": "#8"},
				"down": {"uv": [4.1, 1.1, 4.9, 1.9], "rotation": 270, "texture": "#8"}
			}
		},
		{
			"name": "hexadecagon",
			"from": [7.20453, 19.35108, 11.83429],
			"to": [8.20453, 20.85108, 12.92831],
			"rotation": {"angle": 22.5, "axis": "x", "origin": [8.16757, 8.19845, 7.36329]},
			"faces": {
				"east": {"uv": [4.1, 1.1, 4.9, 1.9], "rotation": 270, "texture": "#8"},
				"west": {"uv": [3.1, 1.1, 4.775, 1.9], "rotation": 270, "texture": "#8"},
				"up": {"uv": [5.1, 1.1, 5.9, 1.9], "rotation": 180, "texture": "#8"},
				"down": {"uv": [3.1, 1.1, 3.9, 1.9], "rotation": 270, "texture": "#8"}
			}
		},
		{
			"name": "hexadecagon",
			"from": [7.20402, 16.67698, 15.24189],
			"to": [8.20402, 18.17698, 16.33591],
			"rotation": {"angle": 0, "axis": "y", "origin": [8.16757, 8.19845, 7.36329]},
			"faces": {
				"east": {"uv": [4.1, 1.1, 4.9, 1.9], "rotation": 270, "texture": "#8"},
				"west": {"uv": [3.1, 1.1, 4.9, 1.9], "rotation": 270, "texture": "#8"},
				"up": {"uv": [4.1, 1.1, 4.9, 1.9], "rotation": 270, "texture": "#8"},
				"down": {"uv": [3.1, 1.1, 3.9, 1.9], "rotation": 270, "texture": "#8"}
			}
		},
		{
			"name": "hexadecagon",
			"from": [7.20453, 12.9024, 17.36676],
			"to": [8.20453, 14.4024, 18.46078],
			"rotation": {"angle": -22.5, "axis": "x", "origin": [8.16757, 8.19845, 7.36329]},
			"faces": {
				"east": {"uv": [4.1, 1.1, 4.9, 1.9], "rotation": 270, "texture": "#8"},
				"west": {"uv": [3.1, 1.1, 4.775, 1.9], "rotation": 270, "texture": "#8"},
				"up": {"uv": [4.1, 1.1, 4.9, 1.9], "rotation": 270, "texture": "#8"},
				"down": {"uv": [3.1, 1.1, 3.9, 1.9], "rotation": 270, "texture": "#8"}
			}
		},
		{
			"name": "spike",
			"from": [7.30453, 16.3676, 5.30975],
			"to": [7.80453, 17.3676, 6.30975],
			"rotation": {"angle": 45, "axis": "x", "origin": [8.16757, 8.19845, 7.36329]},
			"faces": {
				"north": {"uv": [4.1, 1.1, 4.9, 1.9], "rotation": 90, "texture": "#8"},
				"east": {"uv": [4.1, 1.1, 4.9, 1.9], "rotation": 270, "texture": "#8"},
				"south": {"uv": [4.1, 1.1, 4.9, 1.9], "rotation": 270, "texture": "#8"},
				"west": {"uv": [4.1, 1.1, 4.9, 1.9], "rotation": 270, "texture": "#8"},
				"up": {"uv": [4.1, 1.1, 4.9, 1.9], "rotation": 270, "texture": "#8"},
				"down": {"uv": [4.1, 1.1, 4.9, 1.9], "rotation": 270, "texture": "#8"}
			}
		},
		{
			"name": "spike",
			"from": [7.30453, 15.7553, 4.69746],
			"to": [7.80453, 15.88939, 4.83155],
			"rotation": {"angle": 45, "axis": "x", "origin": [8.16757, 8.19845, 7.36329]},
			"faces": {
				"north": {"uv": [4.1, 1.1, 4.9, 1.9], "rotation": 90, "texture": "#8"},
				"east": {"uv": [4.1, 1.1, 4.9, 1.9], "rotation": 270, "texture": "#8"},
				"west": {"uv": [4.1, 1.1, 4.9, 1.9], "rotation": 270, "texture": "#8"},
				"down": {"uv": [4.1, 1.1, 4.9, 1.9], "rotation": 270, "texture": "#8"}
			}
		},
		{
			"name": "spike",
			"from": [7.30453, 13.35455, 13.44862],
			"to": [7.80453, 13.60455, 15.04862],
			"rotation": {"angle": -22.5, "axis": "x", "origin": [8.16757, 8.19845, 7.36329]},
			"faces": {
				"north": {"uv": [4.1, 1.1, 4.9, 1.9], "rotation": 180, "texture": "#8"},
				"east": {"uv": [4.1, 1.1, 4.9, 1.9], "texture": "#8"},
				"west": {"uv": [4.1, 1.1, 4.9, 1.9], "texture": "#8"},
				"up": {"uv": [4.1, 1.1, 4.9, 1.9], "texture": "#8"},
				"down": {"uv": [4.1, 1.1, 4.9, 1.9], "texture": "#8"}
			}
		},
		{
			"name": "spike",
			"from": [7.30453, 16.14893, 7.91615],
			"to": [7.80453, 16.39893, 9.51615],
			"rotation": {"angle": 22.5, "axis": "x", "origin": [8.16757, 8.19845, 7.36329]},
			"faces": {
				"north": {"uv": [4.1, 1.1, 4.9, 1.9], "rotation": 180, "texture": "#8"},
				"east": {"uv": [4.1, 1.1, 4.9, 1.9], "texture": "#8"},
				"west": {"uv": [4.1, 1.1, 4.9, 1.9], "texture": "#8"},
				"up": {"uv": [5.1, 1.1, 5.9, 1.9], "rotation": 180, "texture": "#8"},
				"down": {"uv": [4.1, 1.1, 4.9, 1.9], "texture": "#8"}
			}
		},
		{
			"name": "spike",
			"from": [7.30453, 21.1676, 5.30975],
			"to": [7.80453, 22.1676, 6.30975],
			"rotation": {"angle": 45, "axis": "x", "origin": [8.16757, 8.19845, 7.36329]},
			"faces": {
				"north": {"uv": [4.1, 1.1, 4.9, 1.9], "rotation": 180, "texture": "#8"},
				"east": {"uv": [4.1, 1.1, 4.9, 1.9], "texture": "#8"},
				"south": {"uv": [5.1, 1.1, 5.9, 1.9], "rotation": 180, "texture": "#8"},
				"west": {"uv": [4.1, 1.1, 4.9, 1.9], "texture": "#8"},
				"up": {"uv": [5.1, 1.1, 5.9, 1.9], "rotation": 180, "texture": "#8"},
				"down": {"uv": [4.1, 1.1, 4.9, 1.9], "texture": "#8"}
			}
		},
		{
			"name": "spike",
			"from": [7.30453, 22.6458, 4.69746],
			"to": [7.80453, 22.77989, 4.83155],
			"rotation": {"angle": 45, "axis": "x", "origin": [8.16757, 8.19845, 7.36329]},
			"faces": {
				"north": {"uv": [4.1, 1.1, 4.9, 1.9], "rotation": 180, "texture": "#8"},
				"east": {"uv": [4.1, 1.1, 4.9, 1.9], "texture": "#8"},
				"west": {"uv": [4.1, 1.1, 4.9, 1.9], "texture": "#8"},
				"up": {"uv": [5.1, 1.1, 5.9, 1.9], "rotation": 180, "texture": "#8"}
			}
		},
		{
			"name": "spike",
			"from": [7.30453, 14.51755, 19.61592],
			"to": [7.80453, 16.11755, 19.86592],
			"rotation": {"angle": -22.5, "axis": "x", "origin": [8.16757, 8.19845, 7.36329]},
			"faces": {
				"north": {"uv": [4.1, 1.1, 4.9, 1.9], "rotation": 270, "texture": "#8"},
				"east": {"uv": [4.1, 1.1, 4.9, 1.9], "rotation": 90, "texture": "#8"},
				"south": {"uv": [5.1, 1.1, 5.9, 1.9], "rotation": 180, "texture": "#8"},
				"west": {"uv": [4.1, 1.1, 4.9, 1.9], "rotation": 90, "texture": "#8"},
				"up": {"uv": [4.1, 1.1, 4.9, 1.9], "rotation": 90, "texture": "#8"}
			}
		},
		{
			"name": "spike",
			"from": [7.30453, 20.96623, 10.42915],
			"to": [7.80453, 22.56623, 10.67915],
			"rotation": {"angle": 22.5, "axis": "x", "origin": [8.16757, 8.19845, 7.36329]},
			"faces": {
				"north": {"uv": [4.1, 1.1, 4.9, 1.9], "rotation": 270, "texture": "#8"},
				"east": {"uv": [4.1, 1.1, 4.9, 1.9], "rotation": 90, "texture": "#8"},
				"south": {"uv": [5.1, 1.1, 5.9, 1.9], "rotation": 180, "texture": "#8"},
				"west": {"uv": [4.1, 1.1, 4.9, 1.9], "rotation": 90, "texture": "#8"},
				"up": {"uv": [4.1, 1.1, 4.9, 1.9], "rotation": 90, "texture": "#8"}
			}
		},
		{
			"name": "spike",
			"from": [7.30453, 17.32698, 12.8889],
			"to": [7.80453, 18.32698, 13.8889],
			"rotation": {"angle": 0, "axis": "y", "origin": [8.16757, 8.19845, 7.36329]},
			"faces": {
				"north": {"uv": [4.1, 1.1, 4.9, 1.9], "rotation": 180, "texture": "#8"},
				"east": {"uv": [4.1, 1.1, 4.9, 1.9], "texture": "#8"},
				"south": {"uv": [5.1, 1.1, 5.9, 1.9], "rotation": 180, "texture": "#8"},
				"west": {"uv": [4.1, 1.1, 4.9, 1.9], "texture": "#8"},
				"up": {"uv": [5.1, 1.1, 5.9, 1.9], "rotation": 180, "texture": "#8"},
				"down": {"uv": [4.1, 1.1, 4.9, 1.9], "texture": "#8"}
			}
		},
		{
			"name": "spike",
			"from": [7.30453, 18.80519, 12.2766],
			"to": [7.80453, 18.93927, 12.41069],
			"rotation": {"angle": 0, "axis": "y", "origin": [8.16757, 8.19845, 7.36329]},
			"faces": {
				"north": {"uv": [4.1, 1.1, 4.9, 1.9], "rotation": 180, "texture": "#8"},
				"east": {"uv": [4.1, 1.1, 4.9, 1.9], "texture": "#8"},
				"west": {"uv": [4.1, 1.1, 4.9, 1.9], "texture": "#8"},
				"up": {"uv": [5.1, 1.1, 5.9, 1.9], "rotation": 180, "texture": "#8"}
			}
		},
		{
			"name": "spike",
			"from": [7.30453, 19.80323, 7.91615],
			"to": [7.80453, 20.05323, 9.51615],
			"rotation": {"angle": 22.5, "axis": "x", "origin": [8.16757, 8.19845, 7.36329]},
			"faces": {
				"north": {"uv": [4.1, 1.1, 4.9, 1.9], "rotation": 180, "texture": "#8"},
				"east": {"uv": [4.1, 1.1, 4.9, 1.9], "texture": "#8"},
				"west": {"uv": [4.1, 1.1, 4.9, 1.9], "texture": "#8"},
				"up": {"uv": [5.1, 1.1, 5.9, 1.9], "rotation": 180, "texture": "#8"},
				"down": {"uv": [4.1, 1.1, 4.9, 1.9], "texture": "#8"}
			}
		},
		{
			"name": "spike",
			"from": [7.30453, 14.51755, 15.96162],
			"to": [7.80453, 16.11755, 16.21162],
			"rotation": {"angle": -22.5, "axis": "x", "origin": [8.16757, 8.19845, 7.36329]},
			"faces": {
				"north": {"uv": [4.1, 1.1, 4.9, 1.9], "rotation": 270, "texture": "#8"},
				"east": {"uv": [4.1, 1.1, 4.9, 1.9], "rotation": 90, "texture": "#8"},
				"south": {"uv": [5.1, 1.1, 5.9, 1.9], "rotation": 180, "texture": "#8"},
				"west": {"uv": [4.1, 1.1, 4.9, 1.9], "rotation": 90, "texture": "#8"},
				"up": {"uv": [4.1, 1.1, 4.9, 1.9], "rotation": 90, "texture": "#8"}
			}
		},
		{
			"from": [8.10453, 21.32903, 17.22412],
			"to": [8.80453, 30.24653, 17.54519],
			"rotation": {"angle": 22.5, "axis": "x", "origin": [8.16757, 8.19845, 7.36329]},
			"faces": {
				"east": {"uv": [3.1, 1.1, 3.9, 1.9], "rotation": 270, "texture": "#8"},
				"south": {"uv": [3.1, 1.1, 3.9, 1.9], "rotation": 270, "texture": "#8"},
				"west": {"uv": [2.1, 1.1, 2.9, 1.9], "rotation": 270, "texture": "#8"}
			}
		},
		{
			"from": [8.10453, 21.32903, 16.92412],
			"to": [8.80453, 29.84653, 17.24519],
			"rotation": {"angle": 22.5, "axis": "x", "origin": [8.16757, 8.19845, 7.36329]},
			"faces": {
				"east": {"uv": [3.1, 1.1, 3.9, 1.9], "rotation": 270, "texture": "#8"},
				"west": {"uv": [2.1, 1.1, 2.9, 1.9], "rotation": 270, "texture": "#8"}
			}
		},
		{
			"from": [8.10453, 16.49522, 21.14172],
			"to": [8.80453, 16.81629, 30.05922],
			"rotation": {"angle": -22.5, "axis": "x", "origin": [8.16757, 8.19845, 7.36329]},
			"faces": {
				"east": {"uv": [3.1, 1.1, 3.9, 1.9], "rotation": 270, "texture": "#8"},
				"west": {"uv": [2.1, 1.1, 2.9, 1.9], "texture": "#8"},
				"up": {"uv": [2.1, 1.1, 2.9, 1.9], "texture": "#8"}
			}
		},
		{
			"from": [8.10453, 16.19522, 21.14172],
			"to": [8.80453, 16.51629, 29.30922],
			"rotation": {"angle": -22.5, "axis": "x", "origin": [8.16757, 8.19845, 7.36329]},
			"faces": {
				"east": {"uv": [3.1, 1.1, 3.9, 1.9], "rotation": 270, "texture": "#8"},
				"west": {"uv": [2.1, 1.1, 2.9, 1.9], "texture": "#8"}
			}
		},
		{
			"from": [8.10453, 24.67177, 25.03369],
			"to": [8.80453, 24.84565, 25.20757],
			"rotation": {"angle": 0, "axis": "y", "origin": [8.16757, 8.19845, 7.36329]},
			"faces": {
				"east": {"uv": [3.1, 1.1, 3.9, 1.9], "rotation": 270, "texture": "#8"},
				"south": {"uv": [3.1, 1.1, 3.9, 1.9], "rotation": 270, "texture": "#8"},
				"west": {"uv": [2.1, 1.1, 2.9, 1.9], "texture": "#8"},
				"up": {"uv": [2.1, 1.1, 2.9, 1.9], "texture": "#8"}
			}
		},
		{
			"from": [7.95453, 21.91665, 15.87654],
			"to": [8.95453, 26.89165, 16.12654],
			"rotation": {"angle": 22.5, "axis": "x", "origin": [8.16757, 8.19845, 7.36329]},
			"faces": {
				"east": {"uv": [4.1, 1.1, 4.9, 1.9], "rotation": 270, "texture": "#8"},
				"south": {"uv": [5.1, 5.1, 5.9, 5.9], "texture": "#8"},
				"west": {"uv": [4.1, 5.1, 4.9, 5.9], "rotation": 270, "texture": "#8"}
			}
		},
		{
			"from": [7.95453, 21.91665, 15.62654],
			"to": [8.95453, 26.54165, 15.87654],
			"rotation": {"angle": 22.5, "axis": "x", "origin": [8.16757, 8.19845, 7.36329]},
			"faces": {
				"north": {"uv": [4.1, 1.1, 4.9, 1.9], "rotation": 90, "texture": "#8"},
				"east": {"uv": [4.1, 1.1, 4.9, 1.9], "rotation": 270, "texture": "#8"},
				"west": {"uv": [4.1, 5.1, 4.9, 5.9], "rotation": 270, "texture": "#8"}
			}
		},
		{
			"from": [7.95453, 15.14764, 21.72934],
			"to": [8.95453, 15.39764, 26.70434],
			"rotation": {"angle": -22.5, "axis": "x", "origin": [8.16757, 8.19845, 7.36329]},
			"faces": {
				"east": {"uv": [4.1, 1.1, 4.9, 1.9], "texture": "#8"},
				"west": {"uv": [4.1, 5.1, 4.9, 5.9], "rotation": 270, "texture": "#8"},
				"up": {"uv": [4.1, 1.1, 4.9, 1.9], "texture": "#8"}
			}
		},
		{
			"from": [7.95453, 14.89764, 21.72934],
			"to": [8.95453, 15.14764, 26.20434],
			"rotation": {"angle": -22.5, "axis": "x", "origin": [8.16757, 8.19845, 7.36329]},
			"faces": {
				"east": {"uv": [4.1, 1.1, 4.9, 1.9], "texture": "#8"},
				"west": {"uv": [4.1, 5.1, 4.9, 5.9], "rotation": 270, "texture": "#8"},
				"down": {"uv": [4.1, 1.1, 4.9, 1.9], "texture": "#8"}
			}
		},
		{
			"from": [7.95453, 22.11516, 22.47708],
			"to": [8.95453, 22.25114, 22.61306],
			"rotation": {"angle": 0, "axis": "y", "origin": [8.16757, 8.19845, 7.36329]},
			"faces": {
				"east": {"uv": [4.1, 1.1, 4.9, 1.9], "texture": "#8"},
				"south": {"uv": [5.1, 5.1, 5.9, 5.9], "texture": "#8"},
				"west": {"uv": [4.1, 1.1, 4.9, 1.9], "texture": "#8"},
				"up": {"uv": [4.1, 1.1, 4.9, 1.9], "texture": "#8"}
			}
		},
		{
			"from": [7.73002, 22.10799, 14.9396],
			"to": [9.18002, 25.28299, 15.4396],
			"rotation": {"angle": 22.5, "axis": "x", "origin": [8.16757, 8.19845, 7.36329]},
			"faces": {
				"east": {"uv": [6.925, 8.625, 5.975, 9.35], "rotation": 270, "texture": "#3"},
				"west": {"uv": [5.975, 0.625, 6.925, 1.35], "rotation": 90, "texture": "#3"}
			}
		},
		{
			"from": [7.70502, 22.10799, 15.4146],
			"to": [9.20502, 25.78299, 15.6646],
			"rotation": {"angle": 22.5, "axis": "x", "origin": [8.16757, 8.19845, 7.36329]},
			"faces": {
				"east": {"uv": [6.35, 8.125, 5.4, 8.85], "rotation": 270, "texture": "#3"},
				"south": {"uv": [0.025, 8.025, 0.975, 15.975], "rotation": 270, "texture": "#3"},
				"west": {"uv": [5.4, 0.125, 6.35, 0.85], "rotation": 90, "texture": "#3"},
				"down": {"uv": [1.1, 1.1, 1.9, 1.9], "rotation": 270, "texture": "#8"}
			}
		},
		{
			"from": [7.69452, 27.81634, 10.20152],
			"to": [9.21452, 31.06634, 12.70152],
			"rotation": {"angle": 45, "axis": "x", "origin": [8.26708, 13.9068, 4.65021]},
			"faces": {
				"east": {"uv": [0, 0, 16, 8], "rotation": 90, "texture": "#5"},
				"west": {"uv": [0, 8, 16, 16], "rotation": 90, "texture": "#5"}
			}
		},
		{
			"from": [8.09452, 17.76276, 18.79968],
			"to": [8.81452, 25.41276, 25.19968],
			"rotation": {"angle": 45, "axis": "x", "origin": [8.45452, 21.63776, 21.99968]},
			"faces": {
				"east": {"uv": [0, 8, 16, 16], "rotation": 90, "texture": "#6"},
				"west": {"uv": [0, 0, 16, 8], "rotation": 90, "texture": "#6"}
			}
		},
		{
			"from": [7.70502, 14.6857, 21.92068],
			"to": [9.20502, 14.9357, 25.59568],
			"rotation": {"angle": -22.5, "axis": "x", "origin": [8.16757, 8.19845, 7.36329]},
			"faces": {
				"north": {"uv": [1.1, 1.1, 1.9, 1.9], "rotation": 180, "texture": "#8"},
				"east": {"uv": [5.4, 8.125, 6.35, 8.85], "texture": "#3"},
				"west": {"uv": [6.35, 0.125, 5.4, 0.85], "texture": "#3"},
				"up": {"uv": [0.025, 0.025, 0.975, 7.975], "rotation": 270, "texture": "#3"}
			}
		},
		{
			"from": [7.73002, 14.3857, 21.955],
			"to": [9.18002, 14.6857, 25.28],
			"rotation": {"angle": -22.5, "axis": "x", "origin": [8.16757, 8.19845, 7.36329]},
			"faces": {
				"east": {"uv": [6.925, 8.625, 5.975, 9.35], "rotation": 270, "texture": "#3"},
				"west": {"uv": [5.475, 0.5, 6.425, 0.725], "rotation": 180, "texture": "#3"}
			}
		},
		{
			"from": [7.70453, 21.26767, 21.62959],
			"to": [9.20453, 21.4001, 21.76202],
			"rotation": {"angle": 0, "axis": "y", "origin": [8.16757, 8.19845, 7.36329]},
			"faces": {
				"north": {"uv": [1.1, 1.1, 1.9, 1.9], "rotation": 180, "texture": "#8"},
				"east": {"uv": [0.025, 0.025, 0.475, 0.25], "rotation": 90, "texture": "#3"},
				"south": {"uv": [0.025, 8.025, 0.975, 15.975], "rotation": 270, "texture": "#3"},
				"west": {"uv": [0.025, 0.025, 0.475, 0.25], "rotation": 90, "texture": "#3"},
				"up": {"uv": [0.025, 0.025, 0.975, 7.975], "rotation": 270, "texture": "#3"},
				"down": {"uv": [1.1, 1.1, 1.9, 1.9], "texture": "#8"}
			}
		},
		{
			"from": [8.10453, -0.46007, 4.67422],
			"to": [8.80453, 24.22597, 11.74529],
			"rotation": {"angle": 45, "axis": "x", "origin": [8.16757, 8.19845, 7.36329]},
			"faces": {
				"north": {"uv": [2.1, 1.1, 2.9, 1.9], "rotation": 90, "texture": "#8"},
				"east": {"uv": [3.1, 1.1, 3.9, 1.9], "rotation": 270, "texture": "#8"},
				"south": {"uv": [3.1, 1.1, 3.9, 1.9], "rotation": 270, "texture": "#8"},
				"west": {"uv": [2.1, 1.1, 2.9, 1.9], "rotation": 270, "texture": "#8"}
			}
		},
		{
			"from": [7.95453, -1.49736, 4.26336],
			"to": [8.95453, 3.50264, 8.11336],
			"rotation": {"angle": 22.5, "axis": "x", "origin": [8.16757, 8.19845, 7.36329]},
			"faces": {
				"east": {"uv": [5.1, 5.1, 5.9, 5.9], "texture": "#8"},
				"south": {"uv": [5.1, 5.1, 5.9, 5.9], "texture": "#8"},
				"west": {"uv": [4.1, 5.1, 4.9, 5.9], "rotation": 270, "texture": "#8"},
				"down": {"uv": [4.1, 5.1, 4.9, 5.9], "rotation": 270, "texture": "#8"}
			}
		},
		{
			"from": [7.95453, 3.53446, -1.68467],
			"to": [8.95453, 7.38446, 3.31533],
			"rotation": {"angle": -22.5, "axis": "x", "origin": [8.16757, 8.19845, 7.36329]},
			"faces": {
				"north": {"uv": [4.1, 5.1, 4.9, 5.9], "rotation": 90, "texture": "#8"},
				"east": {"uv": [5.1, 5.1, 5.9, 5.9], "texture": "#8"},
				"west": {"uv": [4.1, 5.1, 4.9, 5.9], "rotation": 270, "texture": "#8"},
				"up": {"uv": [5.1, 5.1, 5.9, 5.9], "texture": "#8"}
			}
		},
		{
			"from": [7.95453, 0.22597, 6.20975],
			"to": [8.95453, 24.22597, 10.20975],
			"rotation": {"angle": 45, "axis": "x", "origin": [8.16757, 8.19845, 7.36329]},
			"faces": {
				"north": {"uv": [5.1, 5.1, 5.9, 5.9], "rotation": 180, "texture": "#8"},
				"east": {"uv": [5.1, 5.1, 5.9, 5.9], "texture": "#8"},
				"south": {"uv": [5.1, 5.1, 5.9, 5.9], "texture": "#8"},
				"west": {"uv": [4.1, 5.1, 4.9, 5.9], "rotation": 270, "texture": "#8"}
			}
		},
		{
			"from": [7.70453, -2.89903, 6.70975],
			"to": [9.20453, 24.22597, 9.70975],
			"rotation": {"angle": 45, "axis": "x", "origin": [8.16757, 8.19845, 7.36329]},
			"faces": {
				"north": {"uv": [0.025, 0.025, 0.975, 7.975], "rotation": 90, "texture": "#3"},
				"east": {"uv": [6.075, 8.125, 7.025, 15.875], "rotation": 90, "texture": "#3"},
				"south": {"uv": [0.025, 8.025, 0.975, 15.975], "rotation": 270, "texture": "#3"},
				"west": {"uv": [6.075, 0.125, 7.025, 7.875], "rotation": 90, "texture": "#3"}
			}
		},
		{
			"from": [15.78247, -0.7556, -4.3931],
			"to": [17.53247, 0.9944, -3.1541],
			"rotation": {"angle": -45, "axis": "z", "origin": [8.16757, 8.19845, 7.36329]},
			"faces": {
				"east": {"uv": [15.975, 0.025, 0.025, 15.975], "texture": "#2"},
				"down": {"uv": [0.025, 0.025, 15.975, 15.975], "rotation": 270, "texture": "#2"}
			}
		},
		{
			"from": [15.78247, -0.7556, -3.1681],
			"to": [17.53247, 0.9944, 0.7459],
			"rotation": {"angle": -45, "axis": "z", "origin": [8.16757, 8.19845, 7.36329]},
			"faces": {
				"east": {"uv": [0.025, 0.025, 0.475, 7.975], "texture": "#3"},
				"west": {"uv": [0.025, 8.025, 0.475, 15.975], "texture": "#3"},
				"up": {"uv": [0.025, 8.025, 0.475, 15.975], "rotation": 270, "texture": "#3"},
				"down": {"uv": [0.025, 0.025, 0.475, 7.975], "rotation": 270, "texture": "#3"}
			}
		},
		{
			"from": [15.78247, -0.7556, 0.7319],
			"to": [17.53247, 0.9944, 1.9709],
			"rotation": {"angle": -45, "axis": "z", "origin": [8.16757, 8.19845, 7.36329]},
			"faces": {
				"east": {"uv": [0.025, 0.025, 15.975, 15.975], "texture": "#2"},
				"down": {"uv": [15.975, 0.025, 0.025, 15.975], "rotation": 270, "texture": "#2"}
			}
		},
		{
			"from": [2.80998, -4.75502, 1.59486],
			"to": [4.55998, -3.51602, 3.34486],
			"rotation": {"angle": -45, "axis": "y", "origin": [8.16757, 8.19845, 7.36329]},
			"faces": {
				"east": {"uv": [15.975, 0.025, 0.025, 15.975], "rotation": 90, "texture": "#4"},
				"south": {"uv": [0.025, 0.025, 15.975, 15.975], "rotation": 270, "texture": "#4"}
			}
		},
		{
			"from": [2.80998, 0.36998, 1.59486],
			"to": [4.55998, 1.60898, 3.34486],
			"rotation": {"angle": -45, "axis": "y", "origin": [8.16757, 8.19845, 7.36329]},
			"faces": {
				"east": {"uv": [0.025, 0.025, 15.975, 15.975], "rotation": 90, "texture": "#4"},
				"south": {"uv": [15.975, 0.025, 0.025, 15.975], "rotation": 270, "texture": "#4"}
			}
		},
		{
			"from": [2.80998, -3.53002, 1.59486],
			"to": [4.55998, 0.38398, 3.34486],
			"rotation": {"angle": -45, "axis": "y", "origin": [8.16757, 8.19845, 7.36329]},
			"faces": {
				"north": {"uv": [0.025, 0.025, 0.475, 7.975], "rotation": 90, "texture": "#3"},
				"east": {"uv": [0.025, 8.025, 0.475, 15.975], "rotation": 270, "texture": "#3"},
				"south": {"uv": [0.025, 8.025, 0.475, 15.975], "rotation": 270, "texture": "#3"},
				"west": {"uv": [0.025, 0.025, 0.475, 7.975], "rotation": 270, "texture": "#3"}
			}
		},
		{
			"from": [1.96352, 1.58356, -4.3931],
			"to": [3.71352, 3.33356, -3.1541],
			"rotation": {"angle": 45, "axis": "z", "origin": [8.16757, 8.19845, 7.36329]},
			"faces": {
				"east": {"uv": [0.025, 0.025, 15.975, 15.975], "rotation": 180, "texture": "#4"},
				"up": {"uv": [15.975, 0.025, 0.025, 15.975], "rotation": 270, "texture": "#4"}
			}
		},
		{
			"from": [1.96352, 1.58356, -3.1681],
			"to": [3.71352, 3.33356, 0.7459],
			"rotation": {"angle": 45, "axis": "z", "origin": [8.16757, 8.19845, 7.36329]},
			"faces": {
				"east": {"uv": [0.025, 8.025, 0.475, 15.975], "texture": "#3"},
				"west": {"uv": [0.025, 0.025, 0.475, 7.975], "rotation": 180, "texture": "#3"},
				"up": {"uv": [0.025, 8.025, 0.475, 15.975], "rotation": 270, "texture": "#3"},
				"down": {"uv": [0.025, 0.025, 0.475, 7.975], "rotation": 270, "texture": "#3"}
			}
		},
		{
			"from": [1.96352, 1.58356, 0.7319],
			"to": [3.71352, 3.33356, 1.9709],
			"rotation": {"angle": 45, "axis": "z", "origin": [8.16757, 8.19845, 7.36329]},
			"faces": {
				"east": {"uv": [15.975, 0.025, 0.025, 15.975], "rotation": 180, "texture": "#4"},
				"up": {"uv": [0.025, 0.025, 15.975, 15.975], "rotation": 270, "texture": "#4"}
			}
		},
		{
			"from": [8.10453, -2.67302, -2.3111],
			"to": [8.85453, -0.47302, -0.1111],
			"rotation": {"angle": 0, "axis": "y", "origin": [8.16757, 8.19845, 7.36329]},
			"faces": {
				"north": {"uv": [0.1, 0.1, 0.9, 0.9], "rotation": 90, "texture": "#8"},
				"east": {"uv": [7.9, 8.1, 0.1, 15.9], "rotation": 270, "texture": "#8"},
				"south": {"uv": [0.1, 0.1, 0.9, 0.9], "rotation": 270, "texture": "#8"},
				"west": {"uv": [0.1, 8.1, 7.9, 15.9], "rotation": 270, "texture": "#8"},
				"up": {"uv": [0.1, 0.1, 0.9, 0.9], "rotation": 270, "texture": "#8"},
				"down": {"uv": [0.1, 0.1, 0.9, 0.9], "rotation": 270, "texture": "#8"}
			}
		},
		{
			"from": [14.936, 0.36998, -0.7443],
			"to": [16.686, 1.60898, 1.0057],
			"rotation": {"angle": 45, "axis": "y", "origin": [8.16757, 8.19845, 7.36329]},
			"faces": {
				"north": {"uv": [0.025, 0.025, 15.975, 15.975], "rotation": 90, "texture": "#2"},
				"east": {"uv": [15.975, 0.025, 0.025, 15.975], "rotation": 270, "texture": "#2"}
			}
		},
		{
			"from": [14.936, -4.75502, -0.7443],
			"to": [16.686, -3.51602, 1.0057],
			"rotation": {"angle": 45, "axis": "y", "origin": [8.16757, 8.19845, 7.36329]},
			"faces": {
				"north": {"uv": [15.975, 0.025, 0.025, 15.975], "rotation": 90, "texture": "#2"},
				"east": {"uv": [0.025, 0.025, 15.975, 15.975], "rotation": 270, "texture": "#2"}
			}
		},
		{
			"from": [14.936, -3.53002, -0.7443],
			"to": [16.686, 0.38398, 1.0057],
			"rotation": {"angle": 45, "axis": "y", "origin": [8.16757, 8.19845, 7.36329]},
			"faces": {
				"north": {"uv": [0.025, 0.025, 0.475, 7.975], "rotation": 90, "texture": "#3"},
				"east": {"uv": [0.025, 0.025, 0.475, 7.975], "rotation": 270, "texture": "#3"},
				"south": {"uv": [8.525, 8.025, 15.475, 15.975], "rotation": 270, "texture": "#3"},
				"west": {"uv": [0.025, 8.025, 0.475, 15.975], "rotation": 90, "texture": "#3"}
			}
		},
		{
			"name": "hexadecagon",
			"from": [8.35453, -8.18828, 1.70975],
			"to": [8.90453, -5.60242, 2.80975],
			"rotation": {"angle": 45, "axis": "x", "origin": [8.16757, 8.19845, 7.36329]},
			"faces": {
				"north": {"uv": [4.1, 5.1, 4.9, 5.9], "rotation": 90, "texture": "#8"},
				"east": {"uv": [5.1, 1.1, 5.9, 1.9], "rotation": 270, "texture": "#8"},
				"south": {"uv": [5.1, 5.1, 5.9, 5.9], "rotation": 270, "texture": "#8"},
				"west": {"uv": [4.1, 5.1, 4.9, 5.9], "rotation": 270, "texture": "#8"}
			}
		},
		{
			"name": "hexadecagon",
			"from": [8.10453, 1.70926, -5.66132],
			"to": [9.15453, 2.80926, -4.57546],
			"rotation": {"angle": 0, "axis": "y", "origin": [8.62953, 1.13426, -6.91839]},
			"faces": {
				"north": {"uv": [4.1, 5.1, 4.9, 5.9], "rotation": 90, "texture": "#8"},
				"east": {"uv": [5.1, 1.1, 5.9, 1.9], "rotation": 180, "texture": "#8"},
				"south": {"uv": [5.1, 5.1, 5.9, 5.9], "rotation": 270, "texture": "#8"},
				"west": {"uv": [4.1, 5.1, 4.9, 5.9], "rotation": 270, "texture": "#8"},
				"up": {"uv": [4.1, 1.1, 4.9, 1.9], "rotation": 270, "texture": "#8"},
				"down": {"uv": [4.1, 1.1, 4.9, 1.9], "texture": "#8"}
			}
		},
		{
			"name": "hexadecagon",
			"from": [8.10453, 2.9565, -6.17794],
			"to": [9.15453, 3.32589, -5.8227],
			"rotation": {"angle": 0, "axis": "y", "origin": [8.62953, 1.65089, -8.16563]},
			"faces": {
				"north": {"uv": [4.1, 5.1, 4.9, 5.9], "rotation": 90, "texture": "#8"},
				"east": {"uv": [5.1, 1.1, 5.9, 1.9], "rotation": 180, "texture": "#8"},
				"south": {"uv": [5.1, 5.1, 5.9, 5.9], "rotation": 270, "texture": "#8"},
				"west": {"uv": [4.1, 5.1, 4.9, 5.9], "rotation": 270, "texture": "#8"},
				"up": {"uv": [5.1, 1.1, 5.9, 1.9], "rotation": 180, "texture": "#8"},
				"down": {"uv": [5.1, 1.1, 5.9, 1.9], "rotation": 270, "texture": "#8"}
			}
		},
		{
			"name": "hexadecagon",
			"from": [8.10453, 1.87517, -5.91312],
			"to": [9.15453, 3.22517, -5.32726],
			"rotation": {"angle": -22.5, "axis": "x", "origin": [8.62953, 2.42517, -5.37019]},
			"faces": {
				"north": {"uv": [4.1, 5.1, 4.9, 5.9], "rotation": 90, "texture": "#8"},
				"east": {"uv": [5.1, 1.1, 5.9, 1.9], "rotation": 180, "texture": "#8"},
				"south": {"uv": [5.1, 5.1, 5.9, 5.9], "rotation": 270, "texture": "#8"},
				"west": {"uv": [4.1, 5.1, 4.9, 5.9], "rotation": 270, "texture": "#8"},
				"up": {"uv": [4.1, 1.1, 4.9, 1.9], "rotation": 270, "texture": "#8"},
				"down": {"uv": [5.1, 1.1, 5.9, 1.9], "rotation": 270, "texture": "#8"}
			}
		},
		{
			"name": "hexadecagon",
			"from": [8.10453, 2.43715, -5.90002],
			"to": [9.15453, 3.02301, -4.55002],
			"rotation": {"angle": 22.5, "axis": "x", "origin": [8.62953, 2.98008, -5.10002]},
			"faces": {
				"north": {"uv": [4.1, 5.1, 4.9, 5.9], "rotation": 90, "texture": "#8"},
				"east": {"uv": [5.1, 1.1, 5.9, 1.9], "rotation": 270, "texture": "#8"},
				"south": {"uv": [5.1, 5.1, 5.9, 5.9], "rotation": 270, "texture": "#8"},
				"west": {"uv": [4.1, 5.1, 4.9, 5.9], "rotation": 270, "texture": "#8"},
				"up": {"uv": [5.1, 5.1, 5.9, 5.9], "texture": "#8"},
				"down": {"uv": [4.1, 1.1, 4.9, 1.9], "texture": "#8"}
			}
		},
		{
			"name": "hexadecagon",
			"from": [8.35453, -7.36327, -4.13083],
			"to": [8.90453, -4.7774, -2.93083],
			"rotation": {"angle": 22.5, "axis": "x", "origin": [8.16757, 8.19845, 7.36329]},
			"faces": {
				"north": {"uv": [4.1, 5.1, 4.9, 5.9], "rotation": 90, "texture": "#8"},
				"east": {"uv": [5.1, 1.1, 5.9, 1.9], "rotation": 270, "texture": "#8"},
				"south": {"uv": [5.1, 5.1, 5.9, 5.9], "rotation": 270, "texture": "#8"},
				"west": {"uv": [4.1, 5.1, 4.9, 5.9], "rotation": 270, "texture": "#8"},
				"up": {"uv": [4.1, 1.1, 4.9, 1.9], "rotation": 270, "texture": "#8"}
			}
		},
		{
			"name": "hexadecagon",
			"from": [8.35453, -4.36595, -9.2111],
			"to": [8.90453, -1.78009, -7.9111],
			"rotation": {"angle": 0, "axis": "y", "origin": [8.16757, 8.19845, 7.36329]},
			"faces": {
				"north": {"uv": [4.1, 5.1, 4.9, 5.9], "rotation": 90, "texture": "#8"},
				"east": {"uv": [5.1, 1.1, 5.9, 1.9], "rotation": 270, "texture": "#8"},
				"south": {"uv": [5.1, 5.1, 5.9, 5.9], "rotation": 270, "texture": "#8"},
				"west": {"uv": [4.1, 5.1, 4.9, 5.9], "rotation": 270, "texture": "#8"},
				"up": {"uv": [4.1, 1.1, 4.9, 1.9], "rotation": 270, "texture": "#8"}
			}
		},
		{
			"name": "hexadecagon",
			"from": [8.35453, 0.34734, -12.75764],
			"to": [8.90453, 2.9332, -11.35764],
			"rotation": {"angle": -22.5, "axis": "x", "origin": [8.16757, 8.19845, 7.36329]},
			"faces": {
				"north": {"uv": [4.1, 5.1, 4.9, 5.9], "rotation": 90, "texture": "#8"},
				"east": {"uv": [5.1, 1.1, 5.9, 1.9], "rotation": 270, "texture": "#8"},
				"south": {"uv": [5.1, 5.1, 5.9, 5.9], "rotation": 270, "texture": "#8"},
				"west": {"uv": [4.1, 5.1, 4.9, 5.9], "rotation": 270, "texture": "#8"}
			}
		},
		{
			"name": "hexadecagon",
			"from": [8.35453, 6.55906, -14.23052],
			"to": [8.90453, 8.64492, -12.73052],
			"rotation": {"angle": -45, "axis": "x", "origin": [8.16757, 8.19845, 7.36329]},
			"faces": {
				"north": {"uv": [4.1, 5.1, 4.9, 5.9], "rotation": 90, "texture": "#8"},
				"east": {"uv": [4.1, 1.1, 4.9, 1.9], "rotation": 270, "texture": "#8"},
				"south": {"uv": [5.1, 5.1, 5.9, 5.9], "rotation": 270, "texture": "#8"},
				"west": {"uv": [4.1, 5.1, 4.9, 5.9], "rotation": 270, "texture": "#8"}
			}
		},
		{
			"name": "hexadecagon",
			"from": [8.35453, 6.05906, -1.73052],
			"to": [8.90453, 8.64492, -1.23052],
			"rotation": {"angle": -45, "axis": "x", "origin": [8.16757, 8.19845, 7.36329]},
			"faces": {
				"east": {"uv": [4.1, 1.1, 4.9, 1.9], "rotation": 270, "texture": "#8"},
				"west": {"uv": [4.1, 1.1, 4.9, 1.9], "rotation": 270, "texture": "#8"}
			}
		},
		{
			"name": "hexadecagon",
			"from": [8.35453, 0.34734, -0.25764],
			"to": [8.90453, 2.9332, 0.24236],
			"rotation": {"angle": -22.5, "axis": "x", "origin": [8.16757, 8.19845, 7.36329]},
			"faces": {
				"north": {"uv": [4.1, 5.1, 4.9, 5.9], "rotation": 90, "texture": "#8"},
				"east": {"uv": [5.1, 1.1, 5.9, 1.9], "rotation": 270, "texture": "#8"},
				"south": {"uv": [5.1, 5.1, 5.9, 5.9], "rotation": 270, "texture": "#8"},
				"west": {"uv": [4.1, 5.1, 4.9, 5.9], "rotation": 270, "texture": "#8"}
			}
		},
		{
			"name": "hexadecagon",
			"from": [8.35453, -3.09549, 7.1725],
			"to": [8.90453, -2.38838, 7.8796],
			"rotation": {"angle": 22.5, "axis": "x", "origin": [8.16757, 8.19845, 7.36329]},
			"faces": {
				"north": {"uv": [4.1, 5.1, 4.9, 5.9], "rotation": 90, "texture": "#8"},
				"east": {"uv": [5.1, 1.1, 5.9, 1.9], "rotation": 270, "texture": "#8"},
				"south": {"uv": [5.1, 5.1, 5.9, 5.9], "rotation": 270, "texture": "#8"},
				"west": {"uv": [4.1, 5.1, 4.9, 5.9], "rotation": 270, "texture": "#8"},
				"down": {"uv": [4.1, 1.1, 4.9, 1.9], "rotation": 270, "texture": "#8"}
			}
		},
		{
			"name": "hexadecagon",
			"from": [8.35453, -0.07033, 1.07624],
			"to": [8.90453, 0.42967, 3.6621],
			"rotation": {"angle": 22.5, "axis": "x", "origin": [8.16757, 8.19845, 7.36329]},
			"faces": {
				"north": {"uv": [4.1, 5.1, 4.9, 5.9], "rotation": 90, "texture": "#8"},
				"east": {"uv": [5.1, 1.1, 5.9, 1.9], "rotation": 270, "texture": "#8"},
				"south": {"uv": [5.1, 5.1, 5.9, 5.9], "rotation": 270, "texture": "#8"},
				"west": {"uv": [4.1, 5.1, 4.9, 5.9], "rotation": 270, "texture": "#8"},
				"up": {"uv": [5.1, 1.1, 5.9, 1.9], "rotation": 270, "texture": "#8"},
				"down": {"uv": [4.1, 1.1, 4.9, 1.9], "rotation": 270, "texture": "#8"}
			}
		},
		{
			"name": "hexadecagon",
			"from": [8.35453, 2.42698, -4.00403],
			"to": [8.90453, 3.42698, -1.41817],
			"rotation": {"angle": 0, "axis": "y", "origin": [8.16757, 8.19845, 7.36329]},
			"faces": {
				"north": {"uv": [4.1, 5.1, 4.9, 5.9], "rotation": 90, "texture": "#8"},
				"east": {"uv": [5.1, 1.1, 5.9, 1.9], "rotation": 270, "texture": "#8"},
				"south": {"uv": [5.1, 5.1, 5.9, 5.9], "rotation": 270, "texture": "#8"},
				"west": {"uv": [4.1, 5.1, 4.9, 5.9], "rotation": 270, "texture": "#8"},
				"up": {"uv": [5.1, 1.1, 5.9, 1.9], "rotation": 270, "texture": "#8"},
				"down": {"uv": [4.1, 1.1, 4.9, 1.9], "rotation": 270, "texture": "#8"}
			}
		},
		{
			"name": "hexadecagon",
			"from": [8.35453, 2.42698, -1.45403],
			"to": [8.90453, 2.92698, -0.26817],
			"rotation": {"angle": 0, "axis": "y", "origin": [8.16757, 8.19845, 7.36329]},
			"faces": {
				"north": {"uv": [4.1, 5.1, 4.9, 5.9], "rotation": 90, "texture": "#8"},
				"east": {"uv": [5.1, 1.1, 5.9, 1.9], "rotation": 270, "texture": "#8"},
				"south": {"uv": [5.1, 5.1, 5.9, 5.9], "rotation": 270, "texture": "#8"},
				"west": {"uv": [4.1, 5.1, 4.9, 5.9], "rotation": 270, "texture": "#8"},
				"down": {"uv": [4.1, 1.1, 4.9, 1.9], "rotation": 270, "texture": "#8"}
			}
		},
		{
			"name": "hexadecagon",
			"from": [8.35453, 7.11527, -7.55057],
			"to": [8.90453, 8.14027, -4.96471],
			"rotation": {"angle": -22.5, "axis": "x", "origin": [8.16757, 8.19845, 7.36329]},
			"faces": {
				"north": {"uv": [4.1, 5.1, 4.9, 5.9], "rotation": 90, "texture": "#8"},
				"east": {"uv": [5.1, 1.1, 5.9, 1.9], "rotation": 270, "texture": "#8"},
				"south": {"uv": [5.1, 5.1, 5.9, 5.9], "rotation": 270, "texture": "#8"},
				"west": {"uv": [4.1, 5.1, 4.9, 5.9], "rotation": 270, "texture": "#8"},
				"up": {"uv": [4.1, 5.1, 5.9, 5.9], "rotation": 90, "texture": "#8"},
				"down": {"uv": [4.1, 5.1, 5.9, 5.9], "rotation": 90, "texture": "#8"}
			}
		},
		{
			"name": "hexadecagon",
			"from": [8.45453, -0.57033, 1.07624],
			"to": [8.80453, -0.07033, 3.6621],
			"rotation": {"angle": 22.5, "axis": "x", "origin": [8.16757, 8.19845, 7.36329]},
			"faces": {
				"east": {"uv": [3.1, 1.1, 3.9, 1.9], "rotation": 270, "texture": "#8"},
				"west": {"uv": [2.1, 1.1, 2.9, 1.9], "rotation": 270, "texture": "#8"},
				"down": {"uv": [2.1, 0.1, 2.9, 0.9], "rotation": 270, "texture": "#8"}
			}
		},
		{
			"name": "hexadecagon",
			"from": [8.45453, 0.34734, -0.75764],
			"to": [8.80453, 2.9332, -0.25764],
			"rotation": {"angle": -22.5, "axis": "x", "origin": [8.16757, 8.19845, 7.36329]},
			"faces": {
				"north": {"uv": [2.1, 0.1, 2.9, 0.9], "rotation": 90, "texture": "#8"},
				"east": {"uv": [3.1, 1.1, 3.9, 1.9], "rotation": 270, "texture": "#8"},
				"west": {"uv": [2.1, 1.1, 2.9, 1.9], "rotation": 270, "texture": "#8"}
			}
		},
		{
			"from": [7.20453, -7.82302, -7.4611],
			"to": [9.70453, -5.32302, -4.9611],
			"rotation": {"angle": 0, "axis": "y", "origin": [8.16757, 8.19845, 7.36329]},
			"faces": {
				"north": {"uv": [8.025, 0.025, 15.975, 7.975], "rotation": 90, "texture": "#3"},
				"east": {"uv": [8.025, 8.025, 15.975, 15.975], "rotation": 270, "texture": "#3"},
				"south": {"uv": [8.025, 8.025, 15.975, 15.975], "rotation": 270, "texture": "#3"},
				"west": {"uv": [8.025, 0.025, 15.975, 7.975], "rotation": 270, "texture": "#3"},
				"up": {"uv": [8.025, 8.025, 15.975, 15.975], "rotation": 270, "texture": "#3"},
				"down": {"uv": [8.025, 0.025, 15.975, 7.975], "rotation": 270, "texture": "#3"}
			}
		},
		{
			"from": [7.70453, -14.3966, -9.03468],
			"to": [9.20453, -2.3966, -7.03468],
			"rotation": {"angle": 45, "axis": "x", "origin": [8.45453, -8.3966, -8.03468]},
			"faces": {
				"north": {"uv": [0.025, 0.025, 0.975, 7.975], "rotation": 90, "texture": "#3"},
				"east": {"uv": [0.025, 8.025, 0.975, 15.975], "rotation": 270, "texture": "#3"},
				"south": {"uv": [0.025, 8.025, 0.975, 15.975], "rotation": 270, "texture": "#3"},
				"west": {"uv": [0.025, 0.025, 0.975, 7.975], "rotation": 270, "texture": "#3"}
			}
		},
		{
			"from": [7.70453, -14.39613, -14.70922],
			"to": [9.20453, -13.74613, -12.70922],
			"rotation": {"angle": 45, "axis": "x", "origin": [8.45453, -14.07113, -13.70922]},
			"faces": {
				"north": {"uv": [11.475, 0.025, 8.025, 7.975], "rotation": 90, "texture": "#3"},
				"east": {"uv": [8.025, 8.025, 11.475, 15.975], "rotation": 270, "texture": "#3"},
				"south": {"uv": [8.025, 8.025, 11.475, 15.975], "rotation": 270, "texture": "#3"},
				"west": {"uv": [11.475, 0.025, 8.025, 7.975], "rotation": 90, "texture": "#3"},
				"down": {"uv": [8.025, 0.025, 15.975, 7.975], "rotation": 270, "texture": "#3"}
			}
		},
		{
			"from": [7.70453, -14.09028, -13.87837],
			"to": [9.20453, -12.39028, -11.87837],
			"rotation": {"angle": 45, "axis": "x", "origin": [8.45453, -13.24028, -12.87837]},
			"faces": {
				"north": {"uv": [8.025, 0.025, 15.975, 7.975], "rotation": 90, "texture": "#3"},
				"east": {"uv": [8.025, 8.025, 15.975, 15.975], "rotation": 270, "texture": "#3"},
				"south": {"uv": [8.025, 8.025, 15.975, 15.975], "rotation": 270, "texture": "#3"},
				"west": {"uv": [8.025, 0.025, 15.975, 7.975], "rotation": 270, "texture": "#3"}
			}
		},
		{
			"from": [7.70453, -8.42403, 7.20975],
			"to": [9.20453, -6.67403, 9.20975],
			"rotation": {"angle": 45, "axis": "x", "origin": [8.16757, 8.19845, 7.36329]},
			"faces": {
				"north": {"uv": [1.025, 0.025, 7.975, 7.975], "rotation": 270, "texture": "#3"},
				"east": {"uv": [1.025, 8.025, 7.975, 15.975], "rotation": 270, "texture": "#3"},
				"south": {"uv": [1.025, 8.025, 7.975, 15.975], "rotation": 270, "texture": "#3"},
				"west": {"uv": [1.025, 0.025, 7.975, 7.975], "rotation": 270, "texture": "#3"}
			}
		},
		{
			"from": [7.45453, -13.99028, -14.12837],
			"to": [9.45453, -12.49028, -11.62837],
			"rotation": {"angle": 45, "axis": "x", "origin": [8.45453, -13.24028, -12.87837]},
			"faces": {
				"north": {"uv": [8.025, 0.025, 15.975, 7.975], "rotation": 90, "texture": "#3"},
				"east": {"uv": [8.025, 8.025, 15.975, 15.975], "rotation": 270, "texture": "#3"},
				"south": {"uv": [8.025, 8.025, 15.975, 15.975], "rotation": 270, "texture": "#3"},
				"west": {"uv": [8.025, 0.025, 15.975, 7.975], "rotation": 270, "texture": "#3"},
				"up": {"uv": [8.025, 8.025, 15.975, 15.975], "rotation": 270, "texture": "#3"},
				"down": {"uv": [8.025, 0.025, 15.975, 7.975], "rotation": 270, "texture": "#3"}
			}
		}
	],
	"gui_light": "front",
	"display": {
		"thirdperson_righthand": {
			"rotation": [-135, 0, -180],
			"translation": [0, 14, 2],
			"scale": [0.63, 0.63, 0.63]
		},
		"thirdperson_lefthand": {
			"rotation": [-135, 0, -180],
			"translation": [0, 14, 2],
			"scale": [0.63, 0.63, 0.63]
		},
		"firstperson_righthand": {
			"rotation": [-180, 0, -180],
			"translation": [0, 10, -3],
			"scale": [0.63, 0.63, 0.63]
		},
		"firstperson_lefthand": {
			"rotation": [-180, 0, -180],
			"translation": [0, 10, -3],
			"scale": [0.63, 0.63, 0.63]
		},
		"ground": {
			"rotation": [-50, 0, -90],
			"translation": [0, 9.5, 0],
			"scale": [0.63, 0.63, 0.63]
		},
		"gui": {
			"rotation": [90, 90, -90],
			"translation": [1, 1, 0],
			"scale": [0.39, 0.39, 0.39]
		},
		"head": {
			"rotation": [-90, -45, -90],
			"translation": [0, 16.5, 0],
			"scale": [0.91, 0.91, 0.91]
		},
		"fixed": {
			"rotation": [-90, 0, -90],
			"translation": [0, 1.75, -4.25],
			"scale": [0.4, 0.4, 0.4]
		}
	},
	"groups": [
		{
			"name": "sword",
			"origin": [8, 8, 8],
			"color": 0,
			"nbt": "{}",
			"armAnimationEnabled": false,
			"children": [
				{
					"name": "ornament_front",
					"origin": [8, 8, 8],
					"color": 0,
					"nbt": "{}",
					"armAnimationEnabled": false,
					"children": [
						0,
						1,
						2,
						3,
						4,
						5,
						6,
						7,
						8,
						9,
						10,
						11,
						12,
						13,
						14,
						15,
						16,
						17,
						18,
						19,
						20,
						{
							"name": "group",
							"origin": [14.43035, 8.75, 14.80176],
							"color": 0,
							"nbt": "{}",
							"armAnimationEnabled": false,
							"children": [21, 22, 23, 24]
						},
						{
							"name": "group",
							"origin": [14.43035, 8.75, 14.80176],
							"color": 0,
							"nbt": "{}",
							"armAnimationEnabled": false,
							"children": [25, 26, 27, 28]
						},
						{
							"name": "group",
							"origin": [14.43035, 8.75, 14.80176],
							"color": 0,
							"nbt": "{}",
							"armAnimationEnabled": false,
							"children": [29, 30, 31, 32]
						}
					]
				},
				{
					"name": "front",
					"origin": [-2, 8.55, -2],
					"color": 0,
					"nbt": "{}",
					"armAnimationEnabled": false,
					"children": [33, 34, 35, 36, 37, 38, 39, 40, 41, 42, 43, 44, 45, 46, 47, 48, 49]
				},
				{
					"name": "middle",
					"origin": [8, 8, 8],
					"color": 0,
					"nbt": "{}",
					"armAnimationEnabled": false,
					"children": [50, 51, 52, 53, 54]
				},
				{
					"name": "gem",
					"origin": [8, 8, 8],
					"color": 0,
					"nbt": "{}",
					"armAnimationEnabled": false,
					"children": [55, 56, 57, 58, 59, 60, 61, 62, 63, 64, 65, 66, 67]
				},
				{
					"name": "railing",
					"origin": [8, 8, 8],
					"color": 0,
					"nbt": "{}",
					"armAnimationEnabled": false,
					"children": [68, 69, 70, 71, 72, 73, 74, 75, 76, 77, 78, 79, 80, 81, 82, 83, 84, 85]
				},
				{
					"name": "handle",
					"origin": [-2, 8.55, -2],
					"color": 0,
					"nbt": "{}",
					"armAnimationEnabled": false,
					"children": [86, 87, 88, 89, 90, 91]
				}
			]
		}
	]
}