{
	"credit": "Made with Blockbench",
	"textures": {
		"0": "item/zanit/zanit_pickaxe_griff",
		"1": "item/zanit/zanit_pickaxe_oberteil",
		"2": "item/zanite/zanit_pickaxe_decor",
		"particle": "item/zanit/zanit_pickaxe_griff"
	},
	"elements": [
		{
			"from": [7.2, 1.6, 7.2],
			"to": [8.8, 13.4, 8.8],
			"rotation": {"angle": 0, "axis": "y", "origin": [0, 0.4, 0]},
			"faces": {
				"north": {"uv": [0, 0, 1.5, 12], "texture": "#0"},
				"east": {"uv": [2, 0, 3.5, 12], "texture": "#0"},
				"south": {"uv": [4, 0, 5.5, 12], "texture": "#0"},
				"west": {"uv": [6, 0, 7.5, 12], "texture": "#0"},
				"up": {"uv": [11.5, 3.5, 10, 2], "texture": "#0"},
				"down": {"uv": [11.5, 4, 10, 5.5], "texture": "#0"}
			}
		},
		{
			"from": [5.71876, 0.44749, 7],
			"to": [7.31876, 1.24749, 9],
			"rotation": {"angle": -22.5, "axis": "z", "origin": [8, 1.21595, 8]},
			"faces": {
				"north": {"uv": [0, 12, 1.5, 13], "texture": "#0"},
				"east": {"uv": [10, 6, 12, 7], "texture": "#0"},
				"south": {"uv": [12, 0, 13.5, 1], "texture": "#0"},
				"west": {"uv": [10, 7, 12, 8], "texture": "#0"},
				"up": {"uv": [9.5, 6, 8, 4], "texture": "#0"},
				"down": {"uv": [9.5, 6, 8, 8], "texture": "#0"}
			}
		},
		{
			"from": [7, 0.78191, 7],
			"to": [9, 1.58191, 9],
			"rotation": {"angle": 0, "axis": "z", "origin": [8, 1.21595, 8]},
			"faces": {
				"north": {"uv": [8, 10, 10, 11], "texture": "#0"},
				"east": {"uv": [10, 8, 12, 9], "texture": "#0"},
				"south": {"uv": [10, 9, 12, 10], "texture": "#0"},
				"west": {"uv": [10, 10, 12, 11], "texture": "#0"},
				"up": {"uv": [10, 2, 8, 0], "texture": "#0"},
				"down": {"uv": [10, 2, 8, 4], "texture": "#0"}
			}
		},
		{
			"from": [8.68124, 0.44749, 7],
			"to": [10.28124, 1.24749, 9],
			"rotation": {"angle": 22.5, "axis": "z", "origin": [8, 1.21595, 8]},
			"faces": {
				"north": {"uv": [12, 1, 13.5, 2], "texture": "#0"},
				"east": {"uv": [8, 11, 10, 12], "texture": "#0"},
				"south": {"uv": [2, 12, 3.5, 13], "texture": "#0"},
				"west": {"uv": [10, 11, 12, 12], "texture": "#0"},
				"up": {"uv": [9.5, 10, 8, 8], "texture": "#0"},
				"down": {"uv": [11.5, 0, 10, 2], "texture": "#0"}
			}
		},
		{
			"from": [4.5, 14.2, 7.25],
			"to": [11.25, 16, 8.75],
			"rotation": {"angle": 0, "axis": "y", "origin": [8, 15, 8]},
			"faces": {
				"north": {"uv": [0, 0, 4, 1], "texture": "#1"},
				"east": {"uv": [5.5, 3, 6.5, 4], "texture": "#1"},
				"south": {"uv": [0, 1, 4, 2], "texture": "#1"},
				"west": {"uv": [2, 6, 3, 7], "texture": "#1"},
				"up": {"uv": [4, 3, 0, 2], "texture": "#1"},
				"down": {"uv": [4, 3, 0, 4], "texture": "#1"}
			}
		},
		{
			"from": [10.94448, 13.16404, 7.75],
			"to": [13.19448, 14.96404, 8.25],
			"rotation": {"angle": -22.5, "axis": "z", "origin": [13.19448, 14.96404, 8]},
			"faces": {
				"north": {"uv": [0, 5, 1.5, 6], "texture": "#1"},
				"east": {"uv": [2, 7, 3, 8], "texture": "#1"},
				"south": {"uv": [1.5, 5, 3, 6], "texture": "#1"},
				"west": {"uv": [3, 7, 4, 8], "texture": "#1"},
				"up": {"uv": [4.5, 6, 3, 5], "texture": "#1"},
				"down": {"uv": [6, 5, 4.5, 6], "texture": "#1"}
			}
		},
		{
			"from": [10.94134, 13.11614, 7.75],
			"to": [13.31634, 15.21614, 8.25],
			"rotation": {"angle": -45, "axis": "z", "origin": [12.19134, 13.46614, 8]},
			"faces": {
				"north": {"uv": [0, 5, 1.5, 6], "texture": "#1"},
				"east": {"uv": [2, 7, 3, 8], "texture": "#1"},
				"south": {"uv": [1.5, 5, 3, 6], "texture": "#1"},
				"west": {"uv": [3, 7, 4, 8], "texture": "#1"},
				"up": {"uv": [4.5, 6, 3, 5], "texture": "#1"},
				"down": {"uv": [6, 5, 4.5, 6], "texture": "#1"}
			}
		},
		{
			"from": [11.94134, 13.11614, 7.75],
			"to": [14.59134, 13.96614, 8.25],
			"rotation": {"angle": -45, "axis": "z", "origin": [12.19134, 13.46614, 8]},
			"faces": {
				"north": {"uv": [0, 5, 1.5, 6], "texture": "#1"},
				"east": {"uv": [2, 7, 3, 8], "texture": "#1"},
				"south": {"uv": [1.5, 5, 3, 6], "texture": "#1"},
				"west": {"uv": [3, 7, 4, 8], "texture": "#1"},
				"up": {"uv": [4.5, 6, 3, 5], "texture": "#1"},
				"down": {"uv": [6, 5, 4.5, 6], "texture": "#1"}
			}
		},
		{
			"from": [13.19134, 13.86614, 7.75],
			"to": [13.84134, 14.46614, 8.25],
			"rotation": {"angle": -45, "axis": "z", "origin": [12.19134, 13.46614, 8]},
			"faces": {
				"north": {"uv": [0, 5, 1.5, 6], "texture": "#1"},
				"east": {"uv": [2, 7, 3, 8], "texture": "#1"},
				"south": {"uv": [1.5, 5, 3, 6], "texture": "#1"},
				"west": {"uv": [3, 7, 4, 8], "texture": "#1"},
				"up": {"uv": [4.5, 6, 3, 5], "texture": "#1"},
				"down": {"uv": [6, 5, 4.5, 6], "texture": "#1"}
			}
		},
		{
			"from": [13.64134, 13.81614, 7.75],
			"to": [14.14134, 14.31614, 8.25],
			"rotation": {"angle": 22.5, "axis": "z", "origin": [12.19134, 13.46614, 8]},
			"faces": {
				"north": {"uv": [0, 5, 1.5, 6], "rotation": 270, "texture": "#1"},
				"east": {"uv": [4.5, 6, 3, 5], "rotation": 90, "texture": "#1"},
				"south": {"uv": [1.5, 5, 3, 6], "rotation": 90, "texture": "#1"},
				"west": {"uv": [6, 5, 4.5, 6], "rotation": 90, "texture": "#1"},
				"up": {"uv": [3, 7, 4, 8], "rotation": 90, "texture": "#1"},
				"down": {"uv": [2, 7, 3, 8], "rotation": 90, "texture": "#1"}
			}
		},
		{
			"from": [11.48149, 14.77113, 7.75],
			"to": [14.38149, 16.77113, 8.25],
			"rotation": {"angle": 22.5, "axis": "z", "origin": [13.48149, 14.27113, 8]},
			"faces": {
				"north": {"uv": [4.5, 6, 3, 5], "rotation": 180, "texture": "#1"},
				"east": {"uv": [2, 7, 3, 8], "rotation": 90, "texture": "#1"},
				"south": {"uv": [6, 5, 4.5, 6], "texture": "#1"},
				"west": {"uv": [3, 7, 4, 8], "rotation": 270, "texture": "#1"},
				"up": {"uv": [1.5, 5, 3, 6], "texture": "#1"},
				"down": {"uv": [0, 5, 1.5, 6], "rotation": 180, "texture": "#1"}
			}
		},
		{
			"from": [12.98149, 15.47113, 7.75],
			"to": [15.58149, 16.77113, 8.25],
			"rotation": {"angle": 45, "axis": "z", "origin": [13.48149, 14.27113, 8]},
			"faces": {
				"north": {"uv": [4.5, 6, 3, 5], "rotation": 180, "texture": "#1"},
				"east": {"uv": [2, 7, 3, 8], "rotation": 90, "texture": "#1"},
				"south": {"uv": [6, 5, 4.5, 6], "texture": "#1"},
				"west": {"uv": [3, 7, 4, 8], "rotation": 270, "texture": "#1"},
				"up": {"uv": [1.5, 5, 3, 6], "texture": "#1"},
				"down": {"uv": [0, 5, 1.5, 6], "rotation": 180, "texture": "#1"}
			}
		},
		{
			"from": [11.98149, 15.27113, 7.75],
			"to": [12.58149, 18.27113, 8.25],
			"rotation": {"angle": -22.5, "axis": "z", "origin": [13.48149, 14.27113, 8]},
			"faces": {
				"north": {"uv": [4.5, 6, 3, 5], "rotation": 270, "texture": "#1"},
				"east": {"uv": [0, 5, 1.5, 6], "rotation": 90, "texture": "#1"},
				"south": {"uv": [6, 5, 4.5, 6], "rotation": 270, "texture": "#1"},
				"west": {"uv": [1.5, 5, 3, 6], "rotation": 270, "texture": "#1"},
				"up": {"uv": [2, 7, 3, 8], "texture": "#1"},
				"down": {"uv": [3, 7, 4, 8], "rotation": 180, "texture": "#1"}
			}
		},
		{
			"from": [13.65649, 11.52113, 7.75],
			"to": [14.25649, 18.52113, 8.25],
			"rotation": {"angle": 0, "axis": "z", "origin": [13.48149, 14.27113, 8]},
			"faces": {
				"north": {"uv": [4.5, 6, 3, 5], "rotation": 270, "texture": "#1"},
				"east": {"uv": [0, 5, 1.5, 6], "rotation": 90, "texture": "#1"},
				"south": {"uv": [6, 5, 4.5, 6], "rotation": 270, "texture": "#1"},
				"west": {"uv": [1.5, 5, 3, 6], "rotation": 270, "texture": "#1"},
				"up": {"uv": [2, 7, 3, 8], "texture": "#1"},
				"down": {"uv": [3, 7, 4, 8], "rotation": 180, "texture": "#1"}
			}
		},
		{
			"from": [9.5, 16.3, 7.25],
			"to": [10.2, 16.6, 8.8],
			"rotation": {"angle": 0, "axis": "y", "origin": [8, 15, 8]},
			"faces": {
				"north": {"uv": [10, 10, 10.75, 10.5], "texture": "#2"},
				"east": {"uv": [9, 1, 11, 1.5], "texture": "#2"},
				"south": {"uv": [0, 11, 0.75, 11.5], "texture": "#2"},
				"west": {"uv": [2, 9, 4, 9.5], "texture": "#2"},
				"up": {"uv": [7.75, 9, 7, 7], "texture": "#2"},
				"down": {"uv": [8.75, 0, 8, 2], "texture": "#2"}
			}
		},
		{
			"from": [10, 16, 7.25],
			"to": [10.7, 16.3, 8.8],
			"rotation": {"angle": 0, "axis": "y", "origin": [8, 15, 8]},
			"faces": {
				"north": {"uv": [9, 10, 9.75, 10.5], "texture": "#2"},
				"east": {"uv": [0, 9, 2, 9.5], "texture": "#2"},
				"south": {"uv": [10, 9, 10.75, 9.5], "texture": "#2"},
				"west": {"uv": [9, 0, 11, 0.5], "texture": "#2"},
				"up": {"uv": [1.75, 9, 1, 7], "texture": "#2"},
				"down": {"uv": [7.75, 5, 7, 7], "texture": "#2"}
			}
		},
		{
			"from": [9, 16, 7.25],
			"to": [10, 16.3, 8.8],
			"rotation": {"angle": 0, "axis": "y", "origin": [8, 15, 8]},
			"faces": {
				"north": {"uv": [10, 5, 11, 5.5], "texture": "#2"},
				"east": {"uv": [9, 2, 11, 2.5], "texture": "#2"},
				"south": {"uv": [6, 10, 7, 10.5], "texture": "#2"},
				"west": {"uv": [9, 3, 11, 3.5], "texture": "#2"},
				"up": {"uv": [3, 8, 2, 6], "texture": "#2"},
				"down": {"uv": [4, 6, 3, 8], "texture": "#2"}
			}
		},
		{
			"from": [5.5, 16.3, 7.25],
			"to": [6.2, 16.6, 8.8],
			"rotation": {"angle": 0, "axis": "y", "origin": [8, 15, 8]},
			"faces": {
				"north": {"uv": [10, 6, 10.75, 6.5], "texture": "#2"},
				"east": {"uv": [8, 5, 10, 5.5], "texture": "#2"},
				"south": {"uv": [10, 7, 10.75, 7.5], "texture": "#2"},
				"west": {"uv": [8, 6, 10, 6.5], "texture": "#2"},
				"up": {"uv": [4.75, 8, 4, 6], "texture": "#2"},
				"down": {"uv": [5.75, 6, 5, 8], "texture": "#2"}
			}
		},
		{
			"from": [6, 16, 7.25],
			"to": [6.7, 16.3, 8.8],
			"rotation": {"angle": 0, "axis": "y", "origin": [8, 15, 8]},
			"faces": {
				"north": {"uv": [8, 10, 8.75, 10.5], "texture": "#2"},
				"east": {"uv": [8, 7, 10, 7.5], "texture": "#2"},
				"south": {"uv": [10, 8, 10.75, 8.5], "texture": "#2"},
				"west": {"uv": [8, 8, 10, 8.5], "texture": "#2"},
				"up": {"uv": [6.75, 8, 6, 6], "texture": "#2"},
				"down": {"uv": [0.75, 7, 0, 9], "texture": "#2"}
			}
		},
		{
			"from": [5, 16, 7.25],
			"to": [6, 16.3, 8.8],
			"rotation": {"angle": 0, "axis": "y", "origin": [8, 15, 8]},
			"faces": {
				"north": {"uv": [4, 10, 5, 10.5], "texture": "#2"},
				"east": {"uv": [2, 8, 4, 8.5], "texture": "#2"},
				"south": {"uv": [5, 10, 6, 10.5], "texture": "#2"},
				"west": {"uv": [4, 8, 6, 8.5], "texture": "#2"},
				"up": {"uv": [3, 6, 2, 4], "texture": "#2"},
				"down": {"uv": [5, 2, 4, 4], "texture": "#2"}
			}
		},
		{
			"from": [7, 13.4, 7],
			"to": [9, 14.2, 9],
			"rotation": {"angle": 0, "axis": "y", "origin": [0, 0.2, 0]},
			"faces": {
				"north": {"uv": [3, 5, 5, 6], "texture": "#2"},
				"east": {"uv": [5, 3, 7, 4], "texture": "#2"},
				"south": {"uv": [5, 4, 7, 5], "texture": "#2"},
				"west": {"uv": [5, 5, 7, 6], "texture": "#2"},
				"up": {"uv": [2, 2, 0, 0], "texture": "#2"},
				"down": {"uv": [2, 2, 0, 4], "texture": "#2"}
			}
		},
		{
			"from": [9.18926, 15.35148, 7],
			"to": [10.78926, 16.15148, 9],
			"rotation": {"angle": -22.5, "axis": "z", "origin": [4.18926, 15.65148, 8]},
			"faces": {
				"north": {"uv": [6, 1, 7.5, 2], "texture": "#2"},
				"east": {"uv": [3, 4, 5, 5], "texture": "#2"},
				"south": {"uv": [7, 2, 8.5, 3], "texture": "#2"},
				"west": {"uv": [5, 2, 7, 3], "texture": "#2"},
				"up": {"uv": [3.5, 2, 2, 0], "texture": "#2"},
				"down": {"uv": [3.5, 2, 2, 4], "texture": "#2"}
			}
		},
		{
			"from": [10.37135, 6.81222, 7],
			"to": [10.97135, 7.21222, 9],
			"rotation": {"angle": -45, "axis": "z", "origin": [11.17135, 9.71222, 8]},
			"faces": {
				"north": {"uv": [11, 0, 11.5, 0.5], "texture": "#2"},
				"east": {"uv": [4, 9, 6, 9.5], "texture": "#2"},
				"south": {"uv": [1, 11, 1.5, 11.5], "texture": "#2"},
				"west": {"uv": [9, 4, 11, 4.5], "texture": "#2"},
				"up": {"uv": [6.5, 10, 6, 8], "texture": "#2"},
				"down": {"uv": [7.5, 9, 7, 11], "texture": "#2"}
			}
		},
		{
			"from": [5.02865, 6.81222, 7],
			"to": [5.62865, 7.21222, 9],
			"rotation": {"angle": 45, "axis": "z", "origin": [4.82865, 9.71222, 8]},
			"faces": {
				"north": {"uv": [11, 1, 11.5, 1.5], "texture": "#2"},
				"east": {"uv": [8, 9, 10, 9.5], "texture": "#2"},
				"south": {"uv": [11, 2, 11.5, 2.5], "texture": "#2"},
				"west": {"uv": [0, 10, 2, 10.5], "texture": "#2"},
				"up": {"uv": [2.5, 12, 2, 10], "texture": "#2"},
				"down": {"uv": [3.5, 10, 3, 12], "texture": "#2"}
			}
		},
		{
			"from": [5.28686, 14.96879, 7],
			"to": [6.88686, 15.76879, 9],
			"rotation": {"angle": 22.5, "axis": "z", "origin": [10.88686, 15.26879, 8]},
			"faces": {
				"north": {"uv": [7, 3, 8.5, 4], "texture": "#2"},
				"east": {"uv": [0, 6, 2, 7], "texture": "#2"},
				"south": {"uv": [7, 4, 8.5, 5], "texture": "#2"},
				"west": {"uv": [6, 0, 8, 1], "texture": "#2"},
				"up": {"uv": [1.5, 6, 0, 4], "texture": "#2"},
				"down": {"uv": [5.5, 0, 4, 2], "texture": "#2"}
			}
		}
	],
	"display": {
		"thirdperson_righthand": {
			"rotation": [0, 90, 0],
			"translation": [0, 1.75, 2],
			"scale": [0.87, 1.01, 0.54]
		},
		"thirdperson_lefthand": {
			"rotation": [0, -90, 0],
			"translation": [0, 1.75, 2],
			"scale": [0.87, 1.01, 0.54]
		},
		"firstperson_righthand": {
			"rotation": [0, 105, 0],
			"translation": [2.25, 0.75, 0],
			"scale": [0.86, 0.98, 0.93]
		},
		"firstperson_lefthand": {
			"rotation": [0, -91, 0],
			"translation": [2.25, 0.75, 0],
			"scale": [0.86, 0.98, 0.93]
		},
		"ground": {
			"translation": [0, 5.5, 0]
		},
		"gui": {
			"rotation": [0, -180, 0],
			"translation": [0, -0.75, 0],
			"scale": [0.82, 0.82, 0.82]
		},
		"head": {
			"rotation": [0, 84, 0],
			"translation": [0, -10.25, -0.25],
			"scale": [1, 2.75, 2.66]
		},
		"fixed": {
			"translation": [0, -0.75, 0]
		}
	},
	"groups": [
		{
			"name": "griff",
			"origin": [8, 8, 8],
			"color": 0,
			"nbt": "{}",
			"armAnimationEnabled": false,
			"children": [0, 1, 2, 3]
		},
		{
			"name": "ding da",
			"origin": [8, 8, 8],
			"color": 0,
			"nbt": "{}",
			"armAnimationEnabled": false,
			"children": [4, 5, 6, 7, 8, 9, 10, 11, 12, 13]
		},
		{
			"name": "decoration",
			"origin": [8, 8, 8],
			"color": 0,
			"nbt": "{}",
			"armAnimationEnabled": false,
			"children": [14, 15, 16, 17, 18, 19, 20, 21, 22, 23, 24]
		}
	]
}