{
	"credit": "Made with Blockbench",
	"texture_size": [32, 32],
	"textures": {
		"0": "item/holystone/holystone_sword_griff",
		"1": "item/holystone/holystone_sword_verbindung",
		"2": "item/holystone/holystone_sword_klinge",
		"particle": "item/holystone/holystone_sword_griff"
	},
	"elements": [
		{
			"from": [7.08573, 13.72328, 7.25],
			"to": [10.08573, 23.97328, 8.25],
			"rotation": {"angle": 0, "axis": "y", "origin": [8.58573, 11.59828, 7.75]},
			"faces": {
				"north": {"uv": [0, 0, 1.5, 5], "texture": "#2"},
				"east": {"uv": [0, 5, 0.5, 10], "texture": "#2"},
				"south": {"uv": [1.5, 0, 3, 5], "texture": "#2"},
				"west": {"uv": [0.5, 5, 1, 10], "texture": "#2"},
				"up": {"uv": [7, 0.5, 5.5, 0], "texture": "#2"},
				"down": {"uv": [7, 0.5, 5.5, 1], "texture": "#2"}
			}
		},
		{
			"from": [6.33573, 9.47328, 7.25],
			"to": [10.83573, 13.72328, 8.25],
			"rotation": {"angle": 0, "axis": "z", "origin": [8.58573, 11.59828, 7.75]},
			"faces": {
				"north": {"uv": [3, 0, 5.25, 2.25], "texture": "#2"},
				"east": {"uv": [1, 5, 1.5, 7.25], "texture": "#2"},
				"south": {"uv": [3, 2.5, 5.25, 4.75], "texture": "#2"},
				"west": {"uv": [1.5, 5, 2, 7.25], "texture": "#2"},
				"up": {"uv": [4.25, 5.5, 2, 5], "texture": "#2"},
				"down": {"uv": [6.75, 5, 4.5, 5.5], "texture": "#2"}
			}
		},
		{
			"from": [9.54024, 13.18666, 7.25],
			"to": [10.54024, 14.18666, 8.25],
			"rotation": {"angle": 45, "axis": "z", "origin": [10.04024, 13.81166, 7.75]},
			"faces": {
				"north": {"uv": [4, 5.5, 4.5, 6], "texture": "#2"},
				"east": {"uv": [5.5, 4, 6, 4.5], "texture": "#2"},
				"south": {"uv": [4.5, 5.5, 5, 6], "texture": "#2"},
				"west": {"uv": [5.5, 4.5, 6, 5], "texture": "#2"},
				"up": {"uv": [5.5, 6, 5, 5.5], "texture": "#2"},
				"down": {"uv": [6, 5.5, 5.5, 6], "texture": "#2"}
			}
		},
		{
			"from": [6.50623, 13.31166, 7.25],
			"to": [7.50623, 14.31166, 8.25],
			"rotation": {"angle": 45, "axis": "z", "origin": [7.13123, 13.81166, 7.75]},
			"faces": {
				"north": {"uv": [2, 6, 2.5, 6.5], "texture": "#2"},
				"east": {"uv": [2.5, 6, 3, 6.5], "texture": "#2"},
				"south": {"uv": [3, 6, 3.5, 6.5], "texture": "#2"},
				"west": {"uv": [3.5, 6, 4, 6.5], "texture": "#2"},
				"up": {"uv": [4.5, 6.5, 4, 6], "texture": "#2"},
				"down": {"uv": [6.5, 4, 6, 4.5], "texture": "#2"}
			}
		},
		{
			"from": [7.29284, 23.39828, 7.25],
			"to": [9.41784, 24.47328, 8.25],
			"rotation": {"angle": 45, "axis": "z", "origin": [7.79284, 23.97328, 7.75]},
			"faces": {
				"north": {"uv": [5.5, 1, 6.5, 1.5], "texture": "#2"},
				"east": {"uv": [4.5, 6, 5, 6.5], "texture": "#2"},
				"south": {"uv": [5.5, 1.5, 6.5, 2], "texture": "#2"},
				"west": {"uv": [6, 4.5, 6.5, 5], "texture": "#2"},
				"up": {"uv": [3, 6, 2, 5.5], "texture": "#2"},
				"down": {"uv": [6.5, 2, 5.5, 2.5], "texture": "#2"}
			}
		},
		{
			"from": [6.89995, 21.30196, 7.25],
			"to": [8.99995, 22.35196, 8.25],
			"rotation": {"angle": -45, "axis": "z", "origin": [11.49995, 21.85196, 7.75]},
			"faces": {
				"north": {"uv": [5.5, 2.5, 6.5, 3], "texture": "#2"},
				"east": {"uv": [5, 6, 5.5, 6.5], "texture": "#2"},
				"south": {"uv": [3, 5.5, 4, 6], "texture": "#2"},
				"west": {"uv": [5.5, 6, 6, 6.5], "texture": "#2"},
				"up": {"uv": [6.5, 3.5, 5.5, 3], "texture": "#2"},
				"down": {"uv": [6.5, 3.5, 5.5, 4], "texture": "#2"}
			}
		},
		{
			"from": [3.8295, 9.5026, 7.25],
			"to": [6.3295, 10.5026, 8.25],
			"rotation": {"angle": -45, "axis": "z", "origin": [4.7045, 10.0026, 7.75]},
			"faces": {
				"north": {"uv": [0, 4, 3.5, 5], "texture": "#1"},
				"east": {"uv": [7, 1, 8, 2], "texture": "#1"},
				"south": {"uv": [4, 4, 7.5, 5], "texture": "#1"},
				"west": {"uv": [7, 2, 8, 3], "texture": "#1"},
				"up": {"uv": [3.5, 6, 0, 5], "texture": "#1"},
				"down": {"uv": [7.5, 5, 4, 6], "texture": "#1"}
			}
		},
		{
			"from": [5.5, 8.5, 7.25],
			"to": [11.75, 9.5, 8.25],
			"rotation": {"angle": 0, "axis": "y", "origin": [0, 0, 0.25]},
			"faces": {
				"north": {"uv": [0, 0, 6.5, 1], "texture": "#1"},
				"east": {"uv": [7, 3, 8, 4], "texture": "#1"},
				"south": {"uv": [0, 1, 6.5, 2], "texture": "#1"},
				"west": {"uv": [4, 7, 5, 8], "texture": "#1"},
				"up": {"uv": [6.5, 3, 0, 2], "texture": "#1"},
				"down": {"uv": [6.5, 3, 0, 4], "texture": "#1"}
			}
		},
		{
			"from": [10.9205, 9.5026, 7.25],
			"to": [13.4205, 10.5026, 8.25],
			"rotation": {"angle": 45, "axis": "z", "origin": [12.5455, 10.0026, 7.75]},
			"faces": {
				"north": {"uv": [0, 6, 3.5, 7], "texture": "#1"},
				"east": {"uv": [5, 7, 6, 8], "texture": "#1"},
				"south": {"uv": [4, 6, 7.5, 7], "texture": "#1"},
				"west": {"uv": [6, 7, 7, 8], "texture": "#1"},
				"up": {"uv": [3.5, 8, 0, 7], "texture": "#1"},
				"down": {"uv": [10.5, 0, 7, 1], "texture": "#1"}
			}
		},
		{
			"from": [7.1, 0, 7.5],
			"to": [10.1, 3, 8],
			"rotation": {"angle": 45, "axis": "z", "origin": [8.5, 1.5, 7.75]},
			"faces": {
				"north": {"uv": [0, 0, 3, 3], "texture": "#0"},
				"east": {"uv": [2, 6, 2.5, 9], "texture": "#0"},
				"south": {"uv": [0, 3, 3, 6], "texture": "#0"},
				"west": {"uv": [3, 6, 3.5, 9], "texture": "#0"},
				"up": {"uv": [7, 6.5, 4, 6], "texture": "#0"},
				"down": {"uv": [10, 0, 7, 0.5], "texture": "#0"}
			}
		},
		{
			"from": [7.85, 3, 7.4],
			"to": [9.35, 8.5, 8.1],
			"faces": {
				"north": {"uv": [3, 0, 4.5, 5.5], "texture": "#0"},
				"east": {"uv": [0, 6, 0.5, 11.5], "texture": "#0"},
				"south": {"uv": [5, 0, 6.5, 5.5], "texture": "#0"},
				"west": {"uv": [1, 6, 1.5, 11.5], "texture": "#0"},
				"up": {"uv": [8.5, 1.5, 7, 1], "texture": "#0"},
				"down": {"uv": [8.5, 2, 7, 2.5], "texture": "#0"}
			}
		}
	],
	"display": {
		"thirdperson_righthand": {
			"rotation": [0, 90, 0],
			"translation": [0, 1, 2.75],
			"scale": [0.7, 0.7, 0.5]
		},
		"thirdperson_lefthand": {
			"rotation": [0, 90, 0],
			"translation": [0, 1, 2.75],
			"scale": [0.7, 0.7, 0.5]
		},
		"firstperson_righthand": {
			"rotation": [0, 90, 0],
			"translation": [0, 2.25, 2.75],
			"scale": [0.53, 0.67, 0.3]
		},
		"firstperson_lefthand": {
			"rotation": [0, 90, 0],
			"translation": [0, 2.25, 2.75],
			"scale": [0.53, 0.67, 0.3]
		},
		"ground": {
			"translation": [0, 3, 0]
		},
		"gui": {
			"rotation": [0, 0, 45],
			"translation": [2.75, -3.75, 0]
		},
		"head": {
			"translation": [0, 14.25, 0]
		},
		"fixed": {
			"rotation": [0, 0, 45],
			"translation": [2.75, -3.75, 0]
		}
	},
	"groups": [
		{
			"name": "klinge",
			"origin": [8, 8, 8],
			"color": 0,
			"nbt": "{}",
			"armAnimationEnabled": false,
			"children": [0, 1, 2, 3, 4, 5]
		},
		{
			"name": "verbindung",
			"origin": [8, 8, 8],
			"color": 0,
			"nbt": "{}",
			"armAnimationEnabled": false,
			"children": [6, 7, 8]
		},
		{
			"name": "griff",
			"origin": [8, 8, 8],
			"color": 0,
			"nbt": "{}",
			"armAnimationEnabled": false,
			"children": [9, 10]
		}
	]
}