{
	"credit": "Made with Blockbench",
	"texture_size": [32, 32],
	"textures": {
		"0": "item/netherite_scrap/gravitit_plate",
		"particle": "item/netherite_scrap/gravitit_plate"
	},
	"elements": [
		{
			"from": [7, 3, 8],
			"to": [11, 9, 9],
			"rotation": {"angle": 0, "axis": "y", "origin": [9, 6, 8.5]},
			"faces": {
				"north": {"uv": [0, 0, 2, 3], "texture": "#0"},
				"east": {"uv": [3, 6, 3.5, 9], "texture": "#0"},
				"south": {"uv": [2, 0, 4, 3], "texture": "#0"},
				"west": {"uv": [3.5, 6, 4, 9], "texture": "#0"},
				"up": {"uv": [6, 6.5, 4, 6], "texture": "#0"},
				"down": {"uv": [8, 5, 6, 5.5], "texture": "#0"}
			}
		},
		{
			"from": [7.25, 3.25, 9],
			"to": [10.75, 8.75, 9.25],
			"rotation": {"angle": 0, "axis": "y", "origin": [9, 6, 8.5]},
			"faces": {
				"north": {"uv": [0, 3, 1.75, 5.75], "texture": "#0"},
				"east": {"uv": [6, 5.5, 6.125, 8.25], "texture": "#0"},
				"south": {"uv": [2, 3, 3.75, 5.75], "texture": "#0"},
				"west": {"uv": [4, 6.5, 4.125, 9.25], "texture": "#0"},
				"up": {"uv": [9.25, 2.625, 7.5, 2.5], "texture": "#0"},
				"down": {"uv": [9.25, 3, 7.5, 3.125], "texture": "#0"}
			}
		},
		{
			"from": [7.75, 3.75, 9.25],
			"to": [10.25, 8.25, 9.4],
			"rotation": {"angle": 0, "axis": "y", "origin": [9, 6, 8.5]},
			"faces": {
				"north": {"uv": [0, 6, 1.25, 8.25], "texture": "#0"},
				"east": {"uv": [5.5, 6.5, 5.625, 8.75], "texture": "#0"},
				"south": {"uv": [6, 0, 7.25, 2.25], "texture": "#0"},
				"west": {"uv": [6.5, 5.5, 6.625, 7.75], "texture": "#0"},
				"up": {"uv": [8.75, 4.625, 7.5, 4.5], "texture": "#0"},
				"down": {"uv": [8.75, 5.5, 7.5, 5.625], "texture": "#0"}
			}
		},
		{
			"from": [7.75, 3.75, 7.6],
			"to": [10.25, 8.25, 7.75],
			"rotation": {"angle": 0, "axis": "y", "origin": [9, 6, 8.5]},
			"faces": {
				"north": {"uv": [1.5, 6, 2.75, 8.25], "texture": "#0"},
				"east": {"uv": [7, 5.5, 7.125, 7.75], "texture": "#0"},
				"south": {"uv": [6, 2.5, 7.25, 4.75], "texture": "#0"},
				"west": {"uv": [7.5, 0, 7.625, 2.25], "texture": "#0"},
				"up": {"uv": [8.75, 6.125, 7.5, 6], "texture": "#0"},
				"down": {"uv": [8.75, 6.5, 7.5, 6.625], "texture": "#0"}
			}
		},
		{
			"from": [7.25, 3.25, 7.75],
			"to": [10.75, 8.75, 8],
			"rotation": {"angle": 0, "axis": "y", "origin": [9, 6, 8.5]},
			"faces": {
				"north": {"uv": [4, 0, 5.75, 2.75], "texture": "#0"},
				"east": {"uv": [4.5, 6.5, 4.625, 9.25], "texture": "#0"},
				"south": {"uv": [4, 3, 5.75, 5.75], "texture": "#0"},
				"west": {"uv": [5, 6.5, 5.125, 9.25], "texture": "#0"},
				"up": {"uv": [9.25, 3.625, 7.5, 3.5], "texture": "#0"},
				"down": {"uv": [9.25, 4, 7.5, 4.125], "texture": "#0"}
			}
		}
	],
	"display": {
		"thirdperson_righthand": {
			"rotation": [0, 89, 0],
			"translation": [0.25, 2.75, 2.5],
			"scale": [1, 1, 0.5]
		},
		"thirdperson_lefthand": {
			"rotation": [0, 89, 0],
			"translation": [0.25, 2.75, -0.5],
			"scale": [1, 1, 0.5]
		},
		"firstperson_righthand": {
			"rotation": [0, -88, 0],
			"translation": [0, 6.5, 1.25],
			"scale": [1.01, 1.19, 0.5]
		},
		"firstperson_lefthand": {
			"rotation": [0, -88, 0],
			"translation": [2, 6.5, 1.25],
			"scale": [1.01, 1.19, 0.5]
		},
		"ground": {
			"translation": [0, 2.5, 0],
			"scale": [1, 1, 0.5]
		},
		"gui": {
			"translation": [-1.75, 3.75, -0.75],
			"scale": [1.83984, 2.06445, 1]
		},
		"head": {
			"translation": [0, 12.5, 0]
		},
		"fixed": {
			"translation": [-1.75, 3.75, -0.75],
			"scale": [1.83984, 2.06445, 1]
		}
	},
	"groups": [
		{
			"name": "group",
			"origin": [8, 8, 8],
			"color": 0,
			"nbt": "{}",
			"armAnimationEnabled": false,
			"children": [0, 1, 2, 3, 4]
		}
	]
}