{
	"credit": "Made with Blockbench",
	"textures": {
		"0": "item/special/magic_wand",
		"particle": "item/special/magic_wand"
	},
	"elements": [
		{
			"from": [7, 0, 7],
			"to": [9, 15, 9],
			"faces": {
				"north": {"uv": [0, 0, 2, 15], "texture": "#0"},
				"east": {"uv": [2, 0, 4, 15], "texture": "#0"},
				"south": {"uv": [4, 0, 6, 15], "texture": "#0"},
				"west": {"uv": [6, 0, 8, 15], "texture": "#0"},
				"up": {"uv": [10, 2, 8, 0], "texture": "#0"},
				"down": {"uv": [10, 2, 8, 4], "texture": "#0"}
			}
		}
	],
	"display": {
		"thirdperson_righthand": {
			"translation": [0, 1.5, 2],
			"scale": [0.8, 0.8, 0.8]
		},
		"thirdperson_lefthand": {
			"translation": [0, 1.5, 2],
			"scale": [0.8, 0.8, 0.8]
		},
		"firstperson_righthand": {
			"translation": [0, 1.5, 2],
			"scale": [0.8, 0.8, 0.8]
		},
		"firstperson_lefthand": {
			"translation": [0, 1.5, 2],
			"scale": [0.8, 0.8, 0.8]
		},
		"ground": {
			"translation": [0, 7.25, 0]
		},
		"head": {
			"translation": [0, 15, 0]
		},
		"fixed": {
			"translation": [0, 0, -2]
		}
	},
	"groups": [
		{
			"name": "group",
			"origin": [8, 8, 8],
			"color": 0,
			"nbt": "{}",
			"armAnimationEnabled": false,
			"children": [0]
		}
	]
}