{
	"credit": "Made with Blockbench",
	"texture_size": [32, 32],
	"textures": {
		"1": "item/zanit/zanite_stone"
	},
	"elements": [
		{
			"from": [6, 9, 8],
			"to": [10, 10, 9],
			"rotation": {"angle": 0, "axis": "y", "origin": [0.5, 0.5, 0.5]},
			"faces": {
				"north": {"uv": [6.5, 2.5, 8.5, 3], "texture": "#1"},
				"east": {"uv": [7, 6.5, 7.5, 7], "texture": "#1"},
				"south": {"uv": [6.5, 3, 8.5, 3.5], "texture": "#1"},
				"west": {"uv": [7, 7, 7.5, 7.5], "texture": "#1"},
				"up": {"uv": [9, 0.5, 7, 0], "texture": "#1"},
				"down": {"uv": [9, 0.5, 7, 1], "texture": "#1"}
			}
		},
		{
			"from": [6, 1, 8],
			"to": [10, 2, 9],
			"rotation": {"angle": 0, "axis": "y", "origin": [0.5, 0.5, 0.5]},
			"faces": {
				"north": {"uv": [7, 1, 9, 1.5], "texture": "#1"},
				"east": {"uv": [7.5, 6.5, 8, 7], "texture": "#1"},
				"south": {"uv": [7, 1.5, 9, 2], "texture": "#1"},
				"west": {"uv": [7, 7.5, 7.5, 8], "texture": "#1"},
				"up": {"uv": [9, 2.5, 7, 2], "texture": "#1"},
				"down": {"uv": [9, 4, 7, 4.5], "texture": "#1"}
			}
		},
		{
			"from": [5, 2, 8],
			"to": [11, 9, 9],
			"rotation": {"angle": 0, "axis": "y", "origin": [0.5, 0.5, 0.5]},
			"faces": {
				"north": {"uv": [0, 0, 3, 3.5], "texture": "#1"},
				"east": {"uv": [6, 0, 6.5, 3.5], "texture": "#1"},
				"south": {"uv": [3, 0, 6, 3.5], "texture": "#1"},
				"west": {"uv": [2, 6, 2.5, 9.5], "texture": "#1"},
				"up": {"uv": [5.5, 6.5, 2.5, 6], "texture": "#1"},
				"down": {"uv": [9, 3.5, 6, 4], "texture": "#1"}
			}
		},
		{
			"from": [6, 3, 7.5],
			"to": [10, 8, 8],
			"rotation": {"angle": 0, "axis": "y", "origin": [0.5, 0.5, 0.5]},
			"faces": {
				"north": {"uv": [0, 3.5, 2, 6], "texture": "#1"},
				"east": {"uv": [6, 4, 6.5, 6.5], "texture": "#1"},
				"south": {"uv": [2, 3.5, 4, 6], "texture": "#1"},
				"west": {"uv": [5.5, 6, 6, 8.5], "texture": "#1"},
				"up": {"uv": [9, 5, 7, 4.5], "texture": "#1"},
				"down": {"uv": [9, 5, 7, 5.5], "texture": "#1"}
			}
		},
		{
			"from": [6, 3, 9],
			"to": [10, 8, 9.5],
			"rotation": {"angle": 0, "axis": "y", "origin": [0.5, 0.5, 0.5]},
			"faces": {
				"north": {"uv": [4, 3.5, 6, 6], "texture": "#1"},
				"east": {"uv": [6.5, 0, 7, 2.5], "texture": "#1"},
				"south": {"uv": [0, 6, 2, 8.5], "texture": "#1"},
				"west": {"uv": [2.5, 6.5, 3, 9], "texture": "#1"},
				"up": {"uv": [9, 6, 7, 5.5], "texture": "#1"},
				"down": {"uv": [9, 6, 7, 6.5], "texture": "#1"}
			}
		},
		{
			"from": [4, 3, 8],
			"to": [5, 8, 9],
			"rotation": {"angle": 0, "axis": "y", "origin": [0.5, 0.5, 0.5]},
			"faces": {
				"north": {"uv": [3, 6.5, 3.5, 9], "texture": "#1"},
				"east": {"uv": [3.5, 6.5, 4, 9], "texture": "#1"},
				"south": {"uv": [4, 6.5, 4.5, 9], "texture": "#1"},
				"west": {"uv": [6.5, 4, 7, 6.5], "texture": "#1"},
				"up": {"uv": [8, 7.5, 7.5, 7], "texture": "#1"},
				"down": {"uv": [8, 7.5, 7.5, 8], "texture": "#1"}
			}
		},
		{
			"from": [11, 3, 8],
			"to": [12, 8, 9],
			"rotation": {"angle": 0, "axis": "y", "origin": [0.5, 0.5, 0.5]},
			"faces": {
				"north": {"uv": [4.5, 6.5, 5, 9], "texture": "#1"},
				"east": {"uv": [5, 6.5, 5.5, 9], "texture": "#1"},
				"south": {"uv": [6, 6.5, 6.5, 9], "texture": "#1"},
				"west": {"uv": [6.5, 6.5, 7, 9], "texture": "#1"},
				"up": {"uv": [8.5, 7, 8, 6.5], "texture": "#1"},
				"down": {"uv": [7.5, 8, 7, 8.5], "texture": "#1"}
			}
		}
	],
	"display": {
		"thirdperson_righthand": {
			"rotation": [0, 88, 0],
			"translation": [0, 1.5, 0],
			"scale": [0.6, 0.6, 0.6]
		},
		"thirdperson_lefthand": {
			"rotation": [0, 88, 0],
			"translation": [0, 1.5, 0],
			"scale": [0.6, 0.6, 0.6]
		},
		"firstperson_righthand": {
			"rotation": [0, 88, 0],
			"translation": [0, 5, 1],
			"scale": [0.6, 0.6, 0.6]
		},
		"firstperson_lefthand": {
			"rotation": [0, 88, 0],
			"translation": [0, 5, 1],
			"scale": [0.6, 0.6, 0.6]
		},
		"ground": {
			"translation": [0, 3.25, 0]
		},
		"gui": {
			"rotation": [0, -180, 0],
			"translation": [0, 2.75, 0]
		},
		"head": {
			"translation": [0, 14.5, 0]
		},
		"fixed": {
			"translation": [0, 2.5, -1.5]
		}
	},
	"groups": [
		{
			"name": "group",
			"origin": [8, 8, 8],
			"color": 0,
			"nbt": "{}",
			"armAnimationEnabled": false,
			"children": [0, 1, 2, 3, 4, 5, 6]
		}
	]
}