{
	"credit": "Made with Blockbench",
	"textures": {
		"0": "item/zanit/zanit_pickaxe_griff",
		"1": "item/zanit/zanit_pickaxe_oberteil",
		"2": "item/zanit/zanit_pickaxe_decor",
		"particle": "item/zanit/zanit_pickaxe_griff"
	},
	"elements": [
		{
			"from": [7.2, 1, 7.2],
			"to": [8.8, 19, 8.8],
			"faces": {
				"north": {"uv": [0, 0, 1.5, 12], "texture": "#0"},
				"east": {"uv": [2, 0, 3.5, 12], "texture": "#0"},
				"south": {"uv": [4, 0, 5.5, 12], "texture": "#0"},
				"west": {"uv": [6, 0, 7.5, 12], "texture": "#0"},
				"up": {"uv": [11.5, 3.5, 10, 2], "texture": "#0"},
				"down": {"uv": [11.5, 4, 10, 5.5], "texture": "#0"}
			}
		},
		{
			"from": [5.71876, -0.35251, 7],
			"to": [7.31876, 0.64749, 9],
			"rotation": {"angle": -22.5, "axis": "z", "origin": [8, 0.61595, 8]},
			"faces": {
				"north": {"uv": [0, 12, 1.5, 13], "texture": "#0"},
				"east": {"uv": [10, 6, 12, 7], "texture": "#0"},
				"south": {"uv": [12, 0, 13.5, 1], "texture": "#0"},
				"west": {"uv": [10, 7, 12, 8], "texture": "#0"},
				"up": {"uv": [9.5, 6, 8, 4], "texture": "#0"},
				"down": {"uv": [9.5, 6, 8, 8], "texture": "#0"}
			}
		},
		{
			"from": [7, -0.01809, 7],
			"to": [9, 0.98191, 9],
			"rotation": {"angle": 0, "axis": "z", "origin": [8, 0.61595, 8]},
			"faces": {
				"north": {"uv": [8, 10, 10, 11], "texture": "#0"},
				"east": {"uv": [10, 8, 12, 9], "texture": "#0"},
				"south": {"uv": [10, 9, 12, 10], "texture": "#0"},
				"west": {"uv": [10, 10, 12, 11], "texture": "#0"},
				"up": {"uv": [10, 2, 8, 0], "texture": "#0"},
				"down": {"uv": [10, 2, 8, 4], "texture": "#0"}
			}
		},
		{
			"from": [8.68124, -0.35251, 7],
			"to": [10.28124, 0.64749, 9],
			"rotation": {"angle": 22.5, "axis": "z", "origin": [8, 0.61595, 8]},
			"faces": {
				"north": {"uv": [12, 1, 13.5, 2], "texture": "#0"},
				"east": {"uv": [8, 11, 10, 12], "texture": "#0"},
				"south": {"uv": [2, 12, 3.5, 13], "texture": "#0"},
				"west": {"uv": [10, 11, 12, 12], "texture": "#0"},
				"up": {"uv": [9.5, 10, 8, 8], "texture": "#0"},
				"down": {"uv": [11.5, 0, 10, 2], "texture": "#0"}
			}
		},
		{
			"from": [2, 19, 7],
			"to": [12, 21, 9],
			"rotation": {"angle": 0, "axis": "y", "origin": [6, 20, 8]},
			"faces": {
				"north": {"uv": [0, 0, 4, 1], "texture": "#1"},
				"east": {"uv": [5.5, 3, 6.5, 4], "texture": "#1"},
				"south": {"uv": [0, 1, 4, 2], "texture": "#1"},
				"west": {"uv": [2, 6, 3, 7], "texture": "#1"},
				"up": {"uv": [4, 3, 0, 2], "texture": "#1"},
				"down": {"uv": [4, 3, 0, 4], "texture": "#1"}
			}
		},
		{
			"from": [-1.37611, 16.48806, 7],
			"to": [-0.65111, 18.41306, 9],
			"rotation": {"angle": -22.5, "axis": "z", "origin": [-0.97611, 18.31306, 8]},
			"faces": {
				"north": {"uv": [1, 8, 1.375, 9], "texture": "#1"},
				"east": {"uv": [3, 6, 4, 7], "texture": "#1"},
				"south": {"uv": [1.5, 8, 1.875, 9], "texture": "#1"},
				"west": {"uv": [4, 6, 5, 7], "texture": "#1"},
				"up": {"uv": [2.375, 9, 2, 8], "texture": "#1"},
				"down": {"uv": [2.875, 8, 2.5, 9], "texture": "#1"}
			}
		},
		{
			"from": [-1.37611, 15.48806, 7],
			"to": [-1.00111, 16.48806, 9],
			"rotation": {"angle": -22.5, "axis": "z", "origin": [-0.97611, 18.31306, 8]},
			"faces": {
				"north": {"uv": [8.5, 2, 8.75, 2.5], "texture": "#1"},
				"east": {"uv": [1, 7.5, 2, 8], "texture": "#1"},
				"south": {"uv": [4, 8.5, 4.25, 9], "texture": "#1"},
				"west": {"uv": [7.5, 1, 8.5, 1.5], "texture": "#1"},
				"up": {"uv": [7.25, 9, 7, 8], "texture": "#1"},
				"down": {"uv": [8.25, 7, 8, 8], "texture": "#1"}
			}
		},
		{
			"from": [-1.37611, 17.61306, 7],
			"to": [-0.12611, 19.81306, 9],
			"rotation": {"angle": -22.5, "axis": "z", "origin": [-0.97611, 18.31306, 8]},
			"faces": {
				"north": {"uv": [4, 7, 4.625, 8.125], "texture": "#1"},
				"east": {"uv": [5.5, 0, 6.5, 1.125], "texture": "#1"},
				"south": {"uv": [7, 4, 7.625, 5.125], "texture": "#1"},
				"west": {"uv": [5.5, 1.5, 6.5, 2.625], "texture": "#1"},
				"up": {"uv": [6.625, 8, 6, 7], "texture": "#1"},
				"down": {"uv": [7.625, 7, 7, 8], "texture": "#1"}
			}
		},
		{
			"from": [-3.62519, 17.08418, 7],
			"to": [-1.62519, 17.43418, 9],
			"rotation": {"angle": 45, "axis": "z", "origin": [-1.12519, 18.08418, 8]},
			"faces": {
				"north": {"uv": [4.5, 8.5, 5.5, 8.625], "texture": "#1"},
				"east": {"uv": [8.5, 4.5, 9.5, 4.625], "texture": "#1"},
				"south": {"uv": [8.5, 5, 9.5, 5.125], "texture": "#1"},
				"west": {"uv": [5.5, 8.5, 6.5, 8.625], "texture": "#1"},
				"up": {"uv": [7, 5, 6, 4], "texture": "#1"},
				"down": {"uv": [6, 6, 5, 7], "texture": "#1"}
			}
		},
		{
			"from": [-2.62519, 17.08418, 7],
			"to": [0.37481, 17.68418, 9],
			"rotation": {"angle": 45, "axis": "z", "origin": [-1.12519, 18.08418, 8]},
			"faces": {
				"north": {"uv": [7.5, 3.5, 9, 3.75], "texture": "#1"},
				"east": {"uv": [7.5, 8, 8.5, 8.25], "texture": "#1"},
				"south": {"uv": [8, 4, 9.5, 4.25], "texture": "#1"},
				"west": {"uv": [0, 8.5, 1, 8.75], "texture": "#1"},
				"up": {"uv": [5.5, 2, 4, 1], "texture": "#1"},
				"down": {"uv": [3, 4, 1.5, 5], "texture": "#1"}
			}
		},
		{
			"from": [-0.69448, 18.46404, 7],
			"to": [2.30552, 20.46404, 9],
			"rotation": {"angle": 22.5, "axis": "z", "origin": [0.80552, 19.96404, 8]},
			"faces": {
				"north": {"uv": [4, 2, 5.5, 3], "texture": "#1"},
				"east": {"uv": [6.5, 2, 7.5, 3], "texture": "#1"},
				"south": {"uv": [3, 4, 4.5, 5], "texture": "#1"},
				"west": {"uv": [6.5, 3, 7.5, 4], "texture": "#1"},
				"up": {"uv": [5.5, 4, 4, 3], "texture": "#1"},
				"down": {"uv": [6, 4, 4.5, 5], "texture": "#1"}
			}
		},
		{
			"from": [9.5, 21.5, 7],
			"to": [10.2, 22, 9],
			"rotation": {"angle": 0, "axis": "y", "origin": [8, 15, 8]},
			"faces": {
				"north": {"uv": [10, 10, 10.75, 10.5], "texture": "#2"},
				"east": {"uv": [9, 1, 11, 1.5], "texture": "#2"},
				"south": {"uv": [0, 11, 0.75, 11.5], "texture": "#2"},
				"west": {"uv": [2, 9, 4, 9.5], "texture": "#2"},
				"up": {"uv": [7.75, 9, 7, 7], "texture": "#2"},
				"down": {"uv": [8.75, 0, 8, 2], "texture": "#2"}
			}
		},
		{
			"from": [10, 21, 7],
			"to": [10.7, 21.5, 9],
			"rotation": {"angle": 0, "axis": "y", "origin": [8, 15, 8]},
			"faces": {
				"north": {"uv": [9, 10, 9.75, 10.5], "texture": "#2"},
				"east": {"uv": [0, 9, 2, 9.5], "texture": "#2"},
				"south": {"uv": [10, 9, 10.75, 9.5], "texture": "#2"},
				"west": {"uv": [9, 0, 11, 0.5], "texture": "#2"},
				"up": {"uv": [1.75, 9, 1, 7], "texture": "#2"},
				"down": {"uv": [7.75, 5, 7, 7], "texture": "#2"}
			}
		},
		{
			"from": [9, 21, 7],
			"to": [10, 21.5, 9],
			"rotation": {"angle": 0, "axis": "y", "origin": [8, 15, 8]},
			"faces": {
				"north": {"uv": [10, 5, 11, 5.5], "texture": "#2"},
				"east": {"uv": [9, 2, 11, 2.5], "texture": "#2"},
				"south": {"uv": [6, 10, 7, 10.5], "texture": "#2"},
				"west": {"uv": [9, 3, 11, 3.5], "texture": "#2"},
				"up": {"uv": [3, 8, 2, 6], "texture": "#2"},
				"down": {"uv": [4, 6, 3, 8], "texture": "#2"}
			}
		},
		{
			"from": [5.5, 21.5, 7],
			"to": [6.2, 22, 9],
			"rotation": {"angle": 0, "axis": "y", "origin": [8, 15, 8]},
			"faces": {
				"north": {"uv": [10, 6, 10.75, 6.5], "texture": "#2"},
				"east": {"uv": [8, 5, 10, 5.5], "texture": "#2"},
				"south": {"uv": [10, 7, 10.75, 7.5], "texture": "#2"},
				"west": {"uv": [8, 6, 10, 6.5], "texture": "#2"},
				"up": {"uv": [4.75, 8, 4, 6], "texture": "#2"},
				"down": {"uv": [5.75, 6, 5, 8], "texture": "#2"}
			}
		},
		{
			"from": [6, 21, 7],
			"to": [6.7, 21.5, 9],
			"rotation": {"angle": 0, "axis": "y", "origin": [8, 15, 8]},
			"faces": {
				"north": {"uv": [8, 10, 8.75, 10.5], "texture": "#2"},
				"east": {"uv": [8, 7, 10, 7.5], "texture": "#2"},
				"south": {"uv": [10, 8, 10.75, 8.5], "texture": "#2"},
				"west": {"uv": [8, 8, 10, 8.5], "texture": "#2"},
				"up": {"uv": [6.75, 8, 6, 6], "texture": "#2"},
				"down": {"uv": [0.75, 7, 0, 9], "texture": "#2"}
			}
		},
		{
			"from": [5, 21, 7],
			"to": [6, 21.5, 9],
			"rotation": {"angle": 0, "axis": "y", "origin": [8, 15, 8]},
			"faces": {
				"north": {"uv": [4, 10, 5, 10.5], "texture": "#2"},
				"east": {"uv": [2, 8, 4, 8.5], "texture": "#2"},
				"south": {"uv": [5, 10, 6, 10.5], "texture": "#2"},
				"west": {"uv": [4, 8, 6, 8.5], "texture": "#2"},
				"up": {"uv": [3, 6, 2, 4], "texture": "#2"},
				"down": {"uv": [5, 2, 4, 4], "texture": "#2"}
			}
		},
		{
			"from": [7, 18, 7],
			"to": [9, 19, 9],
			"rotation": {"angle": 0, "axis": "y", "origin": [0, 5, 0]},
			"faces": {
				"north": {"uv": [3, 5, 5, 6], "texture": "#2"},
				"east": {"uv": [5, 3, 7, 4], "texture": "#2"},
				"south": {"uv": [5, 4, 7, 5], "texture": "#2"},
				"west": {"uv": [5, 5, 7, 6], "texture": "#2"},
				"up": {"uv": [2, 2, 0, 0], "texture": "#2"},
				"down": {"uv": [2, 2, 0, 4], "texture": "#2"}
			}
		},
		{
			"from": [9.18926, 19.95148, 7],
			"to": [10.78926, 20.95148, 9],
			"rotation": {"angle": -22.5, "axis": "z", "origin": [4.18926, 20.45148, 8]},
			"faces": {
				"north": {"uv": [6, 1, 7.5, 2], "texture": "#2"},
				"east": {"uv": [3, 4, 5, 5], "texture": "#2"},
				"south": {"uv": [7, 2, 8.5, 3], "texture": "#2"},
				"west": {"uv": [5, 2, 7, 3], "texture": "#2"},
				"up": {"uv": [3.5, 2, 2, 0], "texture": "#2"},
				"down": {"uv": [3.5, 2, 2, 4], "texture": "#2"}
			}
		},
		{
			"from": [10.37135, 9.41222, 7],
			"to": [10.97135, 10.01222, 9],
			"rotation": {"angle": -45, "axis": "z", "origin": [11.17135, 12.31222, 8]},
			"faces": {
				"north": {"uv": [11, 0, 11.5, 0.5], "texture": "#2"},
				"east": {"uv": [4, 9, 6, 9.5], "texture": "#2"},
				"south": {"uv": [1, 11, 1.5, 11.5], "texture": "#2"},
				"west": {"uv": [9, 4, 11, 4.5], "texture": "#2"},
				"up": {"uv": [6.5, 10, 6, 8], "texture": "#2"},
				"down": {"uv": [7.5, 9, 7, 11], "texture": "#2"}
			}
		},
		{
			"from": [5.02865, 9.41222, 7],
			"to": [5.62865, 10.01222, 9],
			"rotation": {"angle": 45, "axis": "z", "origin": [4.82865, 12.31222, 8]},
			"faces": {
				"north": {"uv": [11, 1, 11.5, 1.5], "texture": "#2"},
				"east": {"uv": [8, 9, 10, 9.5], "texture": "#2"},
				"south": {"uv": [11, 2, 11.5, 2.5], "texture": "#2"},
				"west": {"uv": [0, 10, 2, 10.5], "texture": "#2"},
				"up": {"uv": [2.5, 12, 2, 10], "texture": "#2"},
				"down": {"uv": [3.5, 10, 3, 12], "texture": "#2"}
			}
		},
		{
			"from": [5.28686, 19.56879, 7],
			"to": [6.88686, 20.56879, 9],
			"rotation": {"angle": 22.5, "axis": "z", "origin": [10.88686, 20.06879, 8]},
			"faces": {
				"north": {"uv": [7, 3, 8.5, 4], "texture": "#2"},
				"east": {"uv": [0, 6, 2, 7], "texture": "#2"},
				"south": {"uv": [7, 4, 8.5, 5], "texture": "#2"},
				"west": {"uv": [6, 0, 8, 1], "texture": "#2"},
				"up": {"uv": [1.5, 6, 0, 4], "texture": "#2"},
				"down": {"uv": [5.5, 0, 4, 2], "texture": "#2"}
			}
		}
	],
	"display": {
		"thirdperson_righthand": {
			"rotation": [0, -90, 0],
			"translation": [0, 1.75, 2],
			"scale": [0.87, 1.01, 0.54]
		},
		"thirdperson_lefthand": {
			"rotation": [0, 90, 0],
			"translation": [0, 1.75, 2],
			"scale": [0.87, 1.01, 0.54]
		},
		"firstperson_righthand": {
			"rotation": [0, -85, 0],
			"translation": [3.5, -1, 0],
			"scale": [0.87, 1, 1]
		},
		"firstperson_lefthand": {
			"rotation": [0, 98, 0],
			"translation": [3.5, -1, 0],
			"scale": [0.87, 1, 1]
		},
		"ground": {
			"translation": [0, 10.5, 0],
			"scale": [1, 1.41, 1]
		},
		"gui": {
			"translation": [0, -2.25, 0],
			"scale": [0.76, 0.76, 0.77]
		},
		"head": {
			"rotation": [0, 90, 0],
			"translation": [0, -23, -0.25],
			"scale": [0.96, 2.58, 4]
		},
		"fixed": {
			"translation": [0, -2.25, 0],
			"scale": [0.76, 0.76, 0.77]
		}
	},
	"groups": [
		{
			"name": "griff",
			"origin": [8, 8, 8],
			"color": 0,
			"nbt": "{}",
			"armAnimationEnabled": false,
			"children": [0, 1, 2, 3]
		},
		{
			"name": "ding da",
			"origin": [8, 8, 8],
			"color": 0,
			"nbt": "{}",
			"armAnimationEnabled": false,
			"children": [4, 5, 6, 7, 8, 9, 10]
		},
		{
			"name": "decoration",
			"origin": [8, 8, 8],
			"color": 0,
			"nbt": "{}",
			"armAnimationEnabled": false,
			"children": [11, 12, 13, 14, 15, 16, 17, 18, 19, 20, 21]
		}
	]
}