{
	"credit": "Made with Blockbench",
	"texture_size": [64, 64],
	"textures": {
		"0": "item/sun/sun_stone",
		"particle": "item/sun/sun_stone"
	},
	"elements": [
		{
			"from": [4, 0, 4],
			"to": [10, 1, 10],
			"faces": {
				"north": {"uv": [8.75, 6.25, 10.25, 6.5], "texture": "#0"},
				"east": {"uv": [8.75, 6.5, 10.25, 6.75], "texture": "#0"},
				"south": {"uv": [8.75, 6.75, 10.25, 7], "texture": "#0"},
				"west": {"uv": [8.75, 7, 10.25, 7.25], "texture": "#0"},
				"up": {"uv": [5.5, 7, 4, 5.5], "texture": "#0"},
				"down": {"uv": [7, 4, 5.5, 5.5], "texture": "#0"}
			}
		},
		{
			"from": [3, 1, 3],
			"to": [11, 2, 11],
			"faces": {
				"north": {"uv": [8.75, 4.25, 10.75, 4.5], "texture": "#0"},
				"east": {"uv": [8.75, 4.5, 10.75, 4.75], "texture": "#0"},
				"south": {"uv": [8.75, 4.75, 10.75, 5], "texture": "#0"},
				"west": {"uv": [8.75, 5, 10.75, 5.25], "texture": "#0"},
				"up": {"uv": [2, 7.5, 0, 5.5], "texture": "#0"},
				"down": {"uv": [7.5, 0, 5.5, 2], "texture": "#0"}
			}
		},
		{
			"from": [2.75, 13, 2.75],
			"to": [11.25, 14, 11.25],
			"faces": {
				"north": {"uv": [8.75, 5.25, 10.75, 5.5], "texture": "#0"},
				"east": {"uv": [8.75, 5.5, 10.75, 5.75], "texture": "#0"},
				"south": {"uv": [8.75, 5.75, 10.75, 6], "texture": "#0"},
				"west": {"uv": [8.75, 6, 10.75, 6.25], "texture": "#0"},
				"up": {"uv": [4, 7.5, 2, 5.5], "texture": "#0"},
				"down": {"uv": [7.5, 2, 5.5, 4], "texture": "#0"}
			}
		},
		{
			"from": [4, 14, 4],
			"to": [10, 15, 10],
			"faces": {
				"north": {"uv": [8.75, 7.25, 10.25, 7.5], "texture": "#0"},
				"east": {"uv": [8.75, 7.5, 10.25, 7.75], "texture": "#0"},
				"south": {"uv": [8.75, 7.75, 10.25, 8], "texture": "#0"},
				"west": {"uv": [8.75, 8, 10.25, 8.25], "texture": "#0"},
				"up": {"uv": [7, 7, 5.5, 5.5], "texture": "#0"},
				"down": {"uv": [5.5, 7, 4, 8.5], "texture": "#0"}
			}
		},
		{
			"from": [5, 15, 5],
			"to": [9, 16, 9],
			"faces": {
				"north": {"uv": [8.75, 8.25, 9.75, 8.5], "texture": "#0"},
				"east": {"uv": [8.75, 8.5, 9.75, 8.75], "texture": "#0"},
				"south": {"uv": [8.75, 8.75, 9.75, 9], "texture": "#0"},
				"west": {"uv": [9, 1.25, 10, 1.5], "texture": "#0"},
				"up": {"uv": [4.75, 9.5, 3.75, 8.5], "texture": "#0"},
				"down": {"uv": [1, 8.75, 0, 9.75], "texture": "#0"}
			}
		},
		{
			"from": [1.5, 2, 1.5],
			"to": [12.5, 3, 12.5],
			"faces": {
				"north": {"uv": [8.75, 0, 11.5, 0.25], "texture": "#0"},
				"east": {"uv": [8.75, 0.25, 11.5, 0.5], "texture": "#0"},
				"south": {"uv": [8.75, 0.5, 11.5, 0.75], "texture": "#0"},
				"west": {"uv": [8.75, 0.75, 11.5, 1], "texture": "#0"},
				"up": {"uv": [2.75, 2.75, 0, 0], "texture": "#0"},
				"down": {"uv": [2.75, 2.75, 0, 5.5], "texture": "#0"}
			}
		},
		{
			"from": [1.5, 12, 1.5],
			"to": [12.5, 13, 12.5],
			"faces": {
				"north": {"uv": [8.75, 1, 11.5, 1.25], "texture": "#0"},
				"east": {"uv": [8.75, 3.5, 11.5, 3.75], "texture": "#0"},
				"south": {"uv": [8.75, 3.75, 11.5, 4], "texture": "#0"},
				"west": {"uv": [8.75, 4, 11.5, 4.25], "texture": "#0"},
				"up": {"uv": [5.5, 2.75, 2.75, 0], "texture": "#0"},
				"down": {"uv": [5.5, 2.75, 2.75, 5.5], "texture": "#0"}
			}
		},
		{
			"from": [1.5, 3, 1.5],
			"to": [3.5, 12, 3.5],
			"faces": {
				"north": {"uv": [1.25, 7.5, 1.75, 9.75], "texture": "#0"},
				"east": {"uv": [7.5, 1.25, 8, 3.5], "texture": "#0"},
				"south": {"uv": [1.75, 7.5, 2.25, 9.75], "texture": "#0"},
				"west": {"uv": [2.25, 7.5, 2.75, 9.75], "texture": "#0"},
				"up": {"uv": [8, 4, 7.5, 3.5], "texture": "#0"},
				"down": {"uv": [5.25, 8.5, 4.75, 9], "texture": "#0"}
			}
		},
		{
			"from": [10.5, 3, 1.5],
			"to": [12.5, 12, 3.5],
			"faces": {
				"north": {"uv": [2.75, 7.5, 3.25, 9.75], "texture": "#0"},
				"east": {"uv": [3.25, 7.5, 3.75, 9.75], "texture": "#0"},
				"south": {"uv": [6.75, 7.75, 7.25, 10], "texture": "#0"},
				"west": {"uv": [7.25, 7.75, 7.75, 10], "texture": "#0"},
				"up": {"uv": [9.5, 2, 9, 1.5], "texture": "#0"},
				"down": {"uv": [9.5, 2, 9, 2.5], "texture": "#0"}
			}
		},
		{
			"from": [1.5, 3, 10.5],
			"to": [3.5, 12, 12.5],
			"faces": {
				"north": {"uv": [7.75, 7.75, 8.25, 10], "texture": "#0"},
				"east": {"uv": [8, 1.25, 8.5, 3.5], "texture": "#0"},
				"south": {"uv": [8.25, 3.5, 8.75, 5.75], "texture": "#0"},
				"west": {"uv": [5.5, 8.25, 6, 10.5], "texture": "#0"},
				"up": {"uv": [9.5, 3, 9, 2.5], "texture": "#0"},
				"down": {"uv": [9.5, 3, 9, 3.5], "texture": "#0"}
			}
		},
		{
			"from": [10.5, 3, 10.5],
			"to": [12.5, 12, 12.5],
			"faces": {
				"north": {"uv": [8.25, 5.75, 8.75, 8], "texture": "#0"},
				"east": {"uv": [6, 8.25, 6.5, 10.5], "texture": "#0"},
				"south": {"uv": [8.25, 8, 8.75, 10.25], "texture": "#0"},
				"west": {"uv": [8.5, 1.25, 9, 3.5], "texture": "#0"},
				"up": {"uv": [5.25, 9.5, 4.75, 9], "texture": "#0"},
				"down": {"uv": [9.25, 9, 8.75, 9.5], "texture": "#0"}
			}
		},
		{
			"from": [6.5, 3, 6.5],
			"to": [7.5, 4.5, 7.5],
			"faces": {
				"north": {"uv": [6.75, 7, 7, 7.375], "texture": "#0"},
				"east": {"uv": [3.75, 7.5, 4, 7.875], "texture": "#0"},
				"south": {"uv": [8, 3.5, 8.25, 3.875], "texture": "#0"},
				"west": {"uv": [3.75, 8, 4, 8.375], "texture": "#0"},
				"up": {"uv": [7, 7.75, 6.75, 7.5], "texture": "#0"},
				"down": {"uv": [5.5, 9, 5.25, 9.25], "texture": "#0"}
			}
		},
		{
			"from": [6.5, 10.5, 6.5],
			"to": [7.5, 12, 7.5],
			"faces": {
				"north": {"uv": [6.5, 8.25, 6.75, 8.625], "texture": "#0"},
				"east": {"uv": [5.25, 8.5, 5.5, 8.875], "texture": "#0"},
				"south": {"uv": [1, 8.75, 1.25, 9.125], "texture": "#0"},
				"west": {"uv": [6.5, 8.75, 6.75, 9.125], "texture": "#0"},
				"up": {"uv": [1.25, 9.5, 1, 9.25], "texture": "#0"},
				"down": {"uv": [5.5, 9.25, 5.25, 9.5], "texture": "#0"}
			}
		},
		{
			"from": [6, 10, 6],
			"to": [8, 10.5, 8],
			"faces": {
				"north": {"uv": [9.5, 3, 10, 3.125], "texture": "#0"},
				"east": {"uv": [9.5, 3.25, 10, 3.375], "texture": "#0"},
				"south": {"uv": [3.75, 9.5, 4.25, 9.625], "texture": "#0"},
				"west": {"uv": [4.25, 9.5, 4.75, 9.625], "texture": "#0"},
				"up": {"uv": [9.75, 9.5, 9.25, 9], "texture": "#0"},
				"down": {"uv": [10, 1.5, 9.5, 2], "texture": "#0"}
			}
		},
		{
			"from": [6, 4.5, 6],
			"to": [8, 5, 8],
			"faces": {
				"north": {"uv": [4.75, 9.5, 5.25, 9.625], "texture": "#0"},
				"east": {"uv": [8.75, 9.5, 9.25, 9.625], "texture": "#0"},
				"south": {"uv": [9.25, 9.5, 9.75, 9.625], "texture": "#0"},
				"west": {"uv": [0, 9.75, 0.5, 9.875], "texture": "#0"},
				"up": {"uv": [10, 2.5, 9.5, 2], "texture": "#0"},
				"down": {"uv": [10, 2.5, 9.5, 3], "texture": "#0"}
			}
		},
		{
			"from": [4.75, 5.25, 4.75],
			"to": [9.25, 9.75, 9.25],
			"faces": {
				"north": {"uv": [7, 4, 8.125, 5.125], "texture": "#0"},
				"east": {"uv": [7, 5.25, 8.125, 6.375], "texture": "#0"},
				"south": {"uv": [5.5, 7, 6.625, 8.125], "texture": "#0"},
				"west": {"uv": [7, 6.5, 8.125, 7.625], "texture": "#0"},
				"up": {"uv": [1.125, 8.625, 0, 7.5], "texture": "#0"},
				"down": {"uv": [8.625, 0, 7.5, 1.125], "texture": "#0"}
			}
		}
	],
	"display": {
		"thirdperson_righthand": {
			"translation": [0, 3.75, 2.5],
			"scale": [0.4, 0.4, 0.39]
		},
		"thirdperson_lefthand": {
			"translation": [0, 3.75, 2.5],
			"scale": [0.4, 0.4, 0.39]
		},
		"firstperson_righthand": {
			"rotation": [0, -36, 0],
			"translation": [1.75, 3.75, -1],
			"scale": [0.5, 0.51, 0.51]
		},
		"firstperson_lefthand": {
			"rotation": [0, -36, 0],
			"translation": [1.75, 3.75, -1],
			"scale": [0.5, 0.51, 0.51]
		},
		"ground": {
			"scale": [0.51, 0.5, 0.5]
		},
		"gui": {
			"rotation": [10, -26, 0],
			"translation": [0.25, 0, 0],
			"scale": [0.7, 0.69, 0.68]
		},
		"head": {
			"translation": [1.25, 0, 1],
			"scale": [1.82, 1.62, 1.65]
		}
	},
	"groups": [
		{
			"name": "group",
			"origin": [8, 8, 8],
			"color": 0,
			"nbt": "{}",
			"armAnimationEnabled": false,
			"children": [0, 1, 2, 3, 4, 5, 6, 7, 8, 9, 10, 11, 12, 13, 14, 15]
		}
	]
}