{
	"credit": "Made with Blockbench",
	"texture_size": [64, 64],
	"textures": {
		"texture": "item/sun/sun_sword"
	},
	"elements": [
		{
			"from": [8, 1, 10],
			"to": [8.5, 16.5, 10.5],
			"faces": {
				"north": {"uv": [2.5, 0, 2.75, 7.75], "texture": "#texture"},
				"east": {"uv": [2.5, 0, 2.75, 7.75], "texture": "#texture"},
				"south": {"uv": [2.5, 0, 2.75, 7.75], "texture": "#texture"},
				"west": {"uv": [2.5, 0, 2.75, 7.75], "texture": "#texture"},
				"up": {"uv": [2.5, 0, 2.75, 0.25], "texture": "#texture"}
			}
		},
		{
			"from": [7, -8.5, 7.5],
			"to": [9.5, -6.5, 8.5],
			"faces": {
				"north": {"uv": [10.5, 0, 11.75, 1], "texture": "#texture"},
				"east": {"uv": [10.5, 0, 11, 1], "texture": "#texture"},
				"south": {"uv": [10.5, 0, 11.75, 1], "texture": "#texture"},
				"west": {"uv": [10.5, 0, 11, 1], "texture": "#texture"},
				"up": {"uv": [10.5, 0, 11.75, 0.5], "texture": "#texture"},
				"down": {"uv": [10.5, 0, 11.75, 0.5], "texture": "#texture"}
			}
		},
		{
			"from": [7, -8, 8.5],
			"to": [9.5, -7, 9],
			"faces": {
				"east": {"uv": [10.5, 0, 10.75, 0.5], "texture": "#texture"},
				"south": {"uv": [10.5, 0, 11.75, 0.5], "texture": "#texture"},
				"west": {"uv": [10.5, 0, 10.75, 0.5], "texture": "#texture"},
				"up": {"uv": [10.5, 0, 11.75, 0.25], "texture": "#texture"},
				"down": {"uv": [10.5, 0, 11.75, 0.25], "texture": "#texture"}
			}
		},
		{
			"from": [7, -8, 7],
			"to": [9.5, -7, 7.5],
			"faces": {
				"north": {"uv": [10.5, 0, 11.75, 0.5], "texture": "#texture"},
				"east": {"uv": [10.5, 0, 10.75, 0.5], "texture": "#texture"},
				"west": {"uv": [10.5, 0, 10.75, 0.5], "texture": "#texture"},
				"up": {"uv": [10.5, 0, 11.75, 0.25], "texture": "#texture"},
				"down": {"uv": [10.5, 0, 11.75, 0.25], "texture": "#texture"}
			}
		},
		{
			"from": [7, -0.5, 7.5],
			"to": [9.5, 3.5, 8.5],
			"faces": {
				"north": {"uv": [7, 0, 8.25, 2], "texture": "#texture"},
				"east": {"uv": [8.25, 0, 8.75, 2], "texture": "#texture"},
				"south": {"uv": [7, 0, 8.25, 2], "texture": "#texture"},
				"west": {"uv": [8.25, 0, 8.75, 2], "texture": "#texture"},
				"up": {"uv": [12.75, 0, 14, 0.5], "texture": "#texture"},
				"down": {"uv": [10.5, 0, 11.75, 0.5], "texture": "#texture"}
			}
		},
		{
			"from": [7, 0, 8.5],
			"to": [9.5, 2.5, 9],
			"faces": {
				"east": {"uv": [9.25, 0, 9.5, 1.25], "texture": "#texture"},
				"south": {"uv": [9.25, 0, 10.5, 1.25], "texture": "#texture"},
				"west": {"uv": [9.25, 0, 9.5, 1.25], "texture": "#texture"},
				"up": {"uv": [12.75, 0, 14, 0.25], "texture": "#texture"},
				"down": {"uv": [10.5, 0, 11.75, 0.25], "texture": "#texture"}
			}
		},
		{
			"from": [7, 0, 7],
			"to": [9.5, 2.5, 7.5],
			"faces": {
				"north": {"uv": [9.25, 0, 10.5, 1.25], "texture": "#texture"},
				"east": {"uv": [9.25, 0, 9.5, 1.25], "texture": "#texture"},
				"west": {"uv": [9.25, 0, 9.5, 1.25], "texture": "#texture"},
				"up": {"uv": [12.75, 0, 14, 0.25], "texture": "#texture"},
				"down": {"uv": [10.5, 0, 11.75, 0.25], "texture": "#texture"}
			}
		},
		{
			"from": [7, 0.5, 9.5],
			"to": [9.5, 1, 10],
			"faces": {
				"east": {"uv": [10.5, 0, 10.75, 0.25], "texture": "#texture"},
				"south": {"uv": [10.5, 0, 11.75, 0.25], "texture": "#texture"},
				"west": {"uv": [10.5, 0, 10.75, 0.25], "texture": "#texture"},
				"up": {"uv": [10.5, 0, 11.75, 0.25], "texture": "#texture"},
				"down": {"uv": [10.5, 0, 11.75, 0.25], "texture": "#texture"}
			}
		},
		{
			"from": [7, 0.5, 9],
			"to": [9.5, 1.5, 9.5],
			"faces": {
				"east": {"uv": [7, 0, 7.25, 0.5], "texture": "#texture"},
				"south": {"uv": [14, 0, 15.25, 0.5], "texture": "#texture"},
				"west": {"uv": [7, 0, 7.25, 0.5], "texture": "#texture"},
				"up": {"uv": [14, 0, 15.25, 0.25], "texture": "#texture"},
				"down": {"uv": [10.5, 0, 11.75, 0.25], "texture": "#texture"}
			}
		},
		{
			"from": [7, 0.5, 6.5],
			"to": [9.5, 1.5, 7],
			"faces": {
				"north": {"uv": [14, 0, 15.25, 0.5], "texture": "#texture"},
				"east": {"uv": [7, 0, 7.25, 0.5], "texture": "#texture"},
				"west": {"uv": [7, 0, 7.25, 0.5], "texture": "#texture"},
				"up": {"uv": [14, 0, 15.25, 0.25], "texture": "#texture"},
				"down": {"uv": [10.5, 0, 11.75, 0.25], "texture": "#texture"}
			}
		},
		{
			"from": [7, 0.5, 6],
			"to": [9.5, 1, 6.5],
			"faces": {
				"north": {"uv": [10.5, 0, 11.75, 0.25], "texture": "#texture"},
				"east": {"uv": [10.5, 0, 10.75, 0.25], "texture": "#texture"},
				"west": {"uv": [10.5, 0, 10.75, 0.25], "texture": "#texture"},
				"up": {"uv": [10.5, 0, 11.75, 0.25], "texture": "#texture"},
				"down": {"uv": [10.5, 0, 11.75, 0.25], "texture": "#texture"}
			}
		},
		{
			"from": [7.5, -9.5, 7.5],
			"to": [9, -8.5, 8.5],
			"faces": {
				"north": {"uv": [10.5, 0, 11.25, 0.5], "texture": "#texture"},
				"east": {"uv": [10.5, 0, 11, 0.5], "texture": "#texture"},
				"south": {"uv": [10.5, 0, 11.25, 0.5], "texture": "#texture"},
				"west": {"uv": [10.5, 0, 11, 0.5], "texture": "#texture"},
				"down": {"uv": [10.5, 0, 11.25, 0.5], "texture": "#texture"}
			}
		},
		{
			"from": [7.5, -9, 8.5],
			"to": [9, -8, 9],
			"faces": {
				"north": {"uv": [10.5, 0, 11.25, 0.5], "texture": "#texture"},
				"east": {"uv": [10.5, 0, 10.75, 0.5], "texture": "#texture"},
				"south": {"uv": [10.5, 0, 11.25, 0.5], "texture": "#texture"},
				"west": {"uv": [10.5, 0, 10.75, 0.5], "texture": "#texture"},
				"down": {"uv": [10.5, 0, 11.25, 0.25], "texture": "#texture"}
			}
		},
		{
			"from": [7.5, -9, 7],
			"to": [9, -8, 7.5],
			"faces": {
				"north": {"uv": [10.5, 0, 11.25, 0.5], "texture": "#texture"},
				"east": {"uv": [10.5, 0, 10.75, 0.5], "texture": "#texture"},
				"south": {"uv": [10.5, 0, 11.25, 0.5], "texture": "#texture"},
				"west": {"uv": [10.5, 0, 10.75, 0.5], "texture": "#texture"},
				"down": {"uv": [10.5, 0, 11.25, 0.25], "texture": "#texture"}
			}
		},
		{
			"from": [7.5, -8.5, 9],
			"to": [9, -7, 9.5],
			"faces": {
				"north": {"uv": [10.5, 0, 11.25, 0.75], "texture": "#texture"},
				"east": {"uv": [10.5, 0, 10.75, 0.75], "texture": "#texture"},
				"south": {"uv": [10.5, 0, 11.25, 0.75], "texture": "#texture"},
				"west": {"uv": [10.5, 0, 10.75, 0.75], "texture": "#texture"},
				"up": {"uv": [10.5, 0, 11.25, 0.25], "texture": "#texture"},
				"down": {"uv": [10.5, 0, 11.25, 0.25], "texture": "#texture"}
			}
		},
		{
			"from": [7.5, -8.5, 6.5],
			"to": [9, -7, 7],
			"faces": {
				"north": {"uv": [10.5, 0, 11.25, 0.75], "texture": "#texture"},
				"east": {"uv": [10.5, 0, 10.75, 0.75], "texture": "#texture"},
				"south": {"uv": [10.5, 0, 11.25, 0.75], "texture": "#texture"},
				"west": {"uv": [10.5, 0, 10.75, 0.75], "texture": "#texture"},
				"up": {"uv": [10.5, 0, 11.25, 0.25], "texture": "#texture"},
				"down": {"uv": [10.5, 0, 11.25, 0.25], "texture": "#texture"}
			}
		},
		{
			"from": [7.5, -7, 8.5],
			"to": [9, -6, 9],
			"faces": {
				"north": {"uv": [15.25, 0, 16, 0.5], "texture": "#texture"},
				"east": {"uv": [15.25, 0, 15.5, 0.5], "texture": "#texture"},
				"south": {"uv": [15.25, 0, 16, 0.5], "texture": "#texture"},
				"west": {"uv": [15.25, 0, 15.5, 0.5], "texture": "#texture"},
				"up": {"uv": [15.25, 0, 16, 0.25], "texture": "#texture"}
			}
		},
		{
			"from": [7.5, -7, 7],
			"to": [9, -6, 7.5],
			"faces": {
				"north": {"uv": [15.25, 0, 16, 0.5], "texture": "#texture"},
				"east": {"uv": [15.25, 0, 15.5, 0.5], "texture": "#texture"},
				"south": {"uv": [15.25, 0, 16, 0.5], "texture": "#texture"},
				"west": {"uv": [15.25, 0, 15.5, 0.5], "texture": "#texture"},
				"up": {"uv": [15.25, 0, 16, 0.25], "texture": "#texture"}
			}
		},
		{
			"from": [7.5, -6.5, 7.5],
			"to": [9, -0.5, 8.5],
			"faces": {
				"north": {"uv": [4.5, 0, 5.25, 3], "texture": "#texture"},
				"east": {"uv": [6.5, 0, 7, 3], "texture": "#texture"},
				"south": {"uv": [5.25, 0, 6, 3], "texture": "#texture"},
				"west": {"uv": [6, 0, 6.5, 3], "texture": "#texture"}
			}
		},
		{
			"from": [7.5, -1.5, 8.5],
			"to": [9, 0, 9],
			"faces": {
				"north": {"uv": [12, 0, 12.75, 0.75], "texture": "#texture"},
				"east": {"uv": [12, 0, 12.25, 0.75], "texture": "#texture"},
				"south": {"uv": [12, 0, 12.75, 0.75], "texture": "#texture"},
				"west": {"uv": [12, 0, 12.25, 0.75], "texture": "#texture"},
				"down": {"uv": [15.25, 0, 16, 0.25], "texture": "#texture"}
			}
		},
		{
			"from": [7.5, -1.5, 7],
			"to": [9, 0, 7.5],
			"faces": {
				"north": {"uv": [12, 0, 12.75, 0.75], "texture": "#texture"},
				"east": {"uv": [12, 0, 12.25, 0.75], "texture": "#texture"},
				"south": {"uv": [12, 0, 12.75, 0.75], "texture": "#texture"},
				"west": {"uv": [12, 0, 12.25, 0.75], "texture": "#texture"},
				"down": {"uv": [15.25, 0, 16, 0.25], "texture": "#texture"}
			}
		},
		{
			"from": [7.5, -1, 12],
			"to": [9, 0.5, 12.5],
			"faces": {
				"north": {"uv": [10.5, 0, 11.25, 0.75], "texture": "#texture"},
				"east": {"uv": [10.5, 0, 10.75, 0.75], "texture": "#texture"},
				"south": {"uv": [10.5, 0, 11.25, 0.75], "texture": "#texture"},
				"west": {"uv": [10.5, 0, 10.75, 0.75], "texture": "#texture"},
				"up": {"uv": [10.5, 0, 11.25, 0.25], "texture": "#texture"},
				"down": {"uv": [10.5, 0, 11.25, 0.25], "texture": "#texture"}
			}
		},
		{
			"from": [7.5, -0.5, 11.5],
			"to": [9, 1, 12],
			"faces": {
				"north": {"uv": [10.5, 0, 11.25, 0.75], "texture": "#texture"},
				"east": {"uv": [10.5, 0, 10.75, 0.75], "texture": "#texture"},
				"south": {"uv": [10.5, 0, 11.25, 0.75], "texture": "#texture"},
				"west": {"uv": [10.5, 0, 10.75, 0.75], "texture": "#texture"},
				"up": {"uv": [10.5, 0, 11.25, 0.25], "texture": "#texture"},
				"down": {"uv": [10.5, 0, 11.25, 0.25], "texture": "#texture"}
			}
		},
		{
			"from": [7.5, -0.5, 9],
			"to": [9, 0.5, 9.5],
			"faces": {
				"north": {"uv": [10.5, 0, 11.25, 0.5], "texture": "#texture"},
				"east": {"uv": [10.5, 0, 10.75, 0.5], "texture": "#texture"},
				"south": {"uv": [10.5, 0, 11.25, 0.5], "texture": "#texture"},
				"west": {"uv": [10.5, 0, 10.75, 0.5], "texture": "#texture"},
				"down": {"uv": [10.5, 0, 11.25, 0.25], "texture": "#texture"}
			}
		},
		{
			"from": [7.5, -0.5, 6.5],
			"to": [9, 0.5, 7],
			"faces": {
				"north": {"uv": [10.5, 0, 11.25, 0.5], "texture": "#texture"},
				"east": {"uv": [10.5, 0, 10.75, 0.5], "texture": "#texture"},
				"south": {"uv": [10.5, 0, 11.25, 0.5], "texture": "#texture"},
				"west": {"uv": [10.5, 0, 10.75, 0.5], "texture": "#texture"},
				"down": {"uv": [10.5, 0, 11.25, 0.25], "texture": "#texture"}
			}
		},
		{
			"from": [7.5, 0, 10],
			"to": [9, 1, 11.5],
			"faces": {
				"north": {"uv": [10.5, 0, 11.25, 0.5], "texture": "#texture"},
				"east": {"uv": [10.5, 0, 11.25, 0.5], "texture": "#texture"},
				"west": {"uv": [10.5, 0, 11.25, 0.5], "texture": "#texture"},
				"up": {"uv": [10.5, 0, 11.25, 0.75], "texture": "#texture"},
				"down": {"uv": [10.5, 0, 11.25, 0.75], "texture": "#texture"}
			}
		},
		{
			"from": [7.5, 0, 9.5],
			"to": [9, 0.5, 10],
			"faces": {
				"east": {"uv": [10.5, 0, 10.75, 0.25], "texture": "#texture"},
				"west": {"uv": [10.5, 0, 10.75, 0.25], "texture": "#texture"},
				"down": {"uv": [10.5, 0, 11.25, 0.25], "texture": "#texture"}
			}
		},
		{
			"from": [7.5, 0, 6],
			"to": [9, 0.5, 6.5],
			"faces": {
				"east": {"uv": [10.5, 0, 10.75, 0.25], "texture": "#texture"},
				"west": {"uv": [10.5, 0, 10.75, 0.25], "texture": "#texture"},
				"down": {"uv": [10.5, 0, 11.25, 0.25], "texture": "#texture"}
			}
		},
		{
			"from": [7.5, 0, 4.5],
			"to": [9, 1, 6],
			"faces": {
				"east": {"uv": [10.5, 0, 11.25, 0.5], "texture": "#texture"},
				"south": {"uv": [10.5, 0, 11.25, 0.5], "texture": "#texture"},
				"west": {"uv": [10.5, 0, 11.25, 0.5], "texture": "#texture"},
				"up": {"uv": [10.5, 0, 11.25, 0.75], "texture": "#texture"},
				"down": {"uv": [10.5, 0, 11.25, 0.75], "texture": "#texture"}
			}
		},
		{
			"from": [7.5, 0, 4],
			"to": [9, 1.5, 4.5],
			"faces": {
				"north": {"uv": [10.5, 0, 11.25, 0.75], "texture": "#texture"},
				"east": {"uv": [10.5, 0, 10.75, 0.75], "texture": "#texture"},
				"south": {"uv": [10.5, 0, 11.25, 0.75], "texture": "#texture"},
				"west": {"uv": [10.5, 0, 10.75, 0.75], "texture": "#texture"},
				"up": {"uv": [10.5, 0, 11.25, 0.25], "texture": "#texture"},
				"down": {"uv": [10.5, 0, 11.25, 0.25], "texture": "#texture"}
			}
		},
		{
			"from": [7.5, 0.5, 3.5],
			"to": [9, 2, 4],
			"faces": {
				"north": {"uv": [10.5, 0, 11.25, 0.75], "texture": "#texture"},
				"east": {"uv": [10.5, 0, 10.75, 0.75], "texture": "#texture"},
				"south": {"uv": [10.5, 0, 11.25, 0.75], "texture": "#texture"},
				"west": {"uv": [10.5, 0, 10.75, 0.75], "texture": "#texture"},
				"up": {"uv": [10.5, 0, 11.25, 0.25], "texture": "#texture"},
				"down": {"uv": [10.5, 0, 11.25, 0.25], "texture": "#texture"}
			}
		},
		{
			"from": [7.5, 1, 9.5],
			"to": [9, 5, 10],
			"faces": {
				"north": {"uv": [3.75, 0, 4.5, 2], "texture": "#texture"},
				"east": {"uv": [3.75, 0, 4, 2], "texture": "#texture"},
				"south": {"uv": [3.75, 0, 4.5, 2], "texture": "#texture"},
				"west": {"uv": [3.75, 0, 4, 2], "texture": "#texture"},
				"up": {"uv": [7.25, 1, 8, 1.25], "texture": "#texture"}
			}
		},
		{
			"from": [7.5, 1, 6],
			"to": [9, 5, 6.5],
			"faces": {
				"north": {"uv": [3.75, 0, 4.5, 2], "texture": "#texture"},
				"east": {"uv": [3.75, 0, 4, 2], "texture": "#texture"},
				"south": {"uv": [3.75, 0, 4.5, 2], "texture": "#texture"},
				"west": {"uv": [3.75, 0, 4, 2], "texture": "#texture"},
				"up": {"uv": [7.25, 1, 8, 1.25], "texture": "#texture"}
			}
		},
		{
			"from": [7.5, 1.5, 9],
			"to": [9, 14, 9.5],
			"faces": {
				"north": {"uv": [3.75, 0, 4.5, 6.25], "texture": "#texture"},
				"east": {"uv": [3.75, 0, 4, 6.25], "texture": "#texture"},
				"south": {"uv": [3.75, 0, 4.5, 6.25], "texture": "#texture"},
				"west": {"uv": [3.75, 0, 4, 6.25], "texture": "#texture"},
				"up": {"uv": [7.25, 1, 8, 1.25], "texture": "#texture"}
			}
		},
		{
			"from": [7.5, 1.5, 6.5],
			"to": [9, 14, 7],
			"faces": {
				"north": {"uv": [3.75, 0, 4.5, 6.25], "texture": "#texture"},
				"east": {"uv": [3.75, 0, 4, 6.25], "texture": "#texture"},
				"south": {"uv": [3.75, 0, 4.5, 6.25], "texture": "#texture"},
				"west": {"uv": [3.75, 0, 4, 6.25], "texture": "#texture"},
				"up": {"uv": [7.25, 1, 8, 1.25], "texture": "#texture"}
			}
		},
		{
			"from": [7.5, 2.5, 8.5],
			"to": [9, 16, 9],
			"faces": {
				"north": {"uv": [3, 0, 3.75, 6.75], "texture": "#texture"},
				"east": {"uv": [3, 0, 3.25, 6.75], "texture": "#texture"},
				"south": {"uv": [3, 0, 3.75, 6.75], "texture": "#texture"},
				"west": {"uv": [3, 0, 3.25, 6.75], "texture": "#texture"},
				"up": {"uv": [7.25, 1, 8, 1.25], "texture": "#texture"}
			}
		},
		{
			"from": [7.5, 2.5, 7],
			"to": [9, 16, 7.5],
			"faces": {
				"north": {"uv": [3, 0, 3.75, 6.75], "texture": "#texture"},
				"east": {"uv": [3, 0, 3.25, 6.75], "texture": "#texture"},
				"south": {"uv": [3, 0, 3.75, 6.75], "texture": "#texture"},
				"west": {"uv": [3, 0, 3.25, 6.75], "texture": "#texture"},
				"up": {"uv": [7.25, 1, 8, 1.25], "texture": "#texture"}
			}
		},
		{
			"from": [7.5, 3.5, 7.5],
			"to": [9, 20, 8.5],
			"faces": {
				"north": {"uv": [0, 0, 0.75, 8.25], "texture": "#texture"},
				"east": {"uv": [2, 0, 2.5, 8.25], "texture": "#texture"},
				"south": {"uv": [0.75, 0, 1.5, 8.25], "texture": "#texture"},
				"west": {"uv": [1.5, 0, 2, 8.25], "texture": "#texture"},
				"up": {"uv": [3.75, 0, 4.5, 0.5], "texture": "#texture"}
			}
		},
		{
			"from": [8, -10, 7.5],
			"to": [8.5, -9.5, 8.5],
			"faces": {
				"north": {"uv": [10.5, 0, 10.75, 0.25], "texture": "#texture"},
				"east": {"uv": [10.5, 0, 11, 0.25], "texture": "#texture"},
				"south": {"uv": [10.5, 0, 10.75, 0.25], "texture": "#texture"},
				"west": {"uv": [10.5, 0, 11, 0.25], "texture": "#texture"},
				"down": {"uv": [10.5, 0, 10.75, 0.5], "texture": "#texture"}
			}
		},
		{
			"from": [8, -9.5, 8.5],
			"to": [8.5, -9, 9],
			"faces": {
				"east": {"uv": [10.5, 0, 10.75, 0.25], "texture": "#texture"},
				"south": {"uv": [10.5, 0, 10.75, 0.25], "texture": "#texture"},
				"west": {"uv": [10.5, 0, 10.75, 0.25], "texture": "#texture"},
				"down": {"uv": [10.5, 0, 10.75, 0.25], "texture": "#texture"}
			}
		},
		{
			"from": [8, -9.5, 7],
			"to": [8.5, -9, 7.5],
			"faces": {
				"north": {"uv": [10.5, 0, 10.75, 0.25], "texture": "#texture"},
				"east": {"uv": [10.5, 0, 10.75, 0.25], "texture": "#texture"},
				"west": {"uv": [10.5, 0, 10.75, 0.25], "texture": "#texture"},
				"down": {"uv": [10.5, 0, 10.75, 0.25], "texture": "#texture"}
			}
		},
		{
			"from": [8, -9, 9],
			"to": [8.5, -8.5, 9.5],
			"faces": {
				"east": {"uv": [10.5, 0, 10.75, 0.25], "texture": "#texture"},
				"south": {"uv": [10.5, 0, 10.75, 0.25], "texture": "#texture"},
				"west": {"uv": [10.5, 0, 10.75, 0.25], "texture": "#texture"},
				"down": {"uv": [10.5, 0, 10.75, 0.25], "texture": "#texture"}
			}
		},
		{
			"from": [8, -9, 6.5],
			"to": [8.5, -8.5, 7],
			"faces": {
				"north": {"uv": [10.5, 0, 10.75, 0.25], "texture": "#texture"},
				"east": {"uv": [10.5, 0, 10.75, 0.25], "texture": "#texture"},
				"west": {"uv": [10.5, 0, 10.75, 0.25], "texture": "#texture"},
				"down": {"uv": [10.5, 0, 10.75, 0.25], "texture": "#texture"}
			}
		},
		{
			"from": [8, -8.5, 9.5],
			"to": [8.5, -7, 10],
			"faces": {
				"east": {"uv": [10.5, 0, 10.75, 0.75], "texture": "#texture"},
				"south": {"uv": [10.5, 0, 10.75, 0.75], "texture": "#texture"},
				"west": {"uv": [10.5, 0, 10.75, 0.75], "texture": "#texture"},
				"up": {"uv": [10.5, 0, 10.75, 0.25], "texture": "#texture"},
				"down": {"uv": [10.5, 0, 10.75, 0.25], "texture": "#texture"}
			}
		},
		{
			"from": [8, -8.5, 6],
			"to": [8.5, -7, 6.5],
			"faces": {
				"north": {"uv": [10.5, 0, 10.75, 0.75], "texture": "#texture"},
				"east": {"uv": [10.5, 0, 10.75, 0.75], "texture": "#texture"},
				"west": {"uv": [10.5, 0, 10.75, 0.75], "texture": "#texture"},
				"up": {"uv": [10.5, 0, 10.75, 0.25], "texture": "#texture"},
				"down": {"uv": [10.5, 0, 10.75, 0.25], "texture": "#texture"}
			}
		},
		{
			"from": [8, -7, 9],
			"to": [8.5, -6.5, 9.5],
			"faces": {
				"east": {"uv": [10.5, 0, 10.75, 0.25], "texture": "#texture"},
				"south": {"uv": [10.5, 0, 10.75, 0.25], "texture": "#texture"},
				"west": {"uv": [10.5, 0, 10.75, 0.25], "texture": "#texture"},
				"up": {"uv": [10.5, 0, 10.75, 0.25], "texture": "#texture"}
			}
		},
		{
			"from": [8, -7, 6.5],
			"to": [8.5, -6.5, 7],
			"faces": {
				"north": {"uv": [10.5, 0, 10.75, 0.25], "texture": "#texture"},
				"east": {"uv": [10.5, 0, 10.75, 0.25], "texture": "#texture"},
				"west": {"uv": [10.5, 0, 10.75, 0.25], "texture": "#texture"},
				"up": {"uv": [10.5, 0, 10.75, 0.25], "texture": "#texture"}
			}
		},
		{
			"from": [8, -6, 8.5],
			"to": [8.5, -1.5, 9],
			"faces": {
				"east": {"uv": [4.5, 0.5, 4.75, 2.75], "texture": "#texture"},
				"south": {"uv": [4.5, 0.5, 4.75, 2.75], "texture": "#texture"},
				"west": {"uv": [4.5, 0.5, 4.75, 2.75], "texture": "#texture"}
			}
		},
		{
			"from": [8, -6, 7],
			"to": [8.5, -1.5, 7.5],
			"faces": {
				"north": {"uv": [5.25, 0.5, 5.5, 2.75], "texture": "#texture"},
				"east": {"uv": [5.25, 0.5, 5.5, 2.75], "texture": "#texture"},
				"west": {"uv": [5.25, 0.5, 5.5, 2.75], "texture": "#texture"}
			}
		},
		{
			"from": [8, -1.5, 12],
			"to": [8.5, -1, 12.5],
			"faces": {
				"north": {"uv": [12.75, 0, 13, 0.25], "texture": "#texture"},
				"east": {"uv": [12.75, 0, 13, 0.25], "texture": "#texture"},
				"south": {"uv": [12.75, 0, 13, 0.25], "texture": "#texture"},
				"west": {"uv": [12.75, 0, 13, 0.25], "texture": "#texture"},
				"down": {"uv": [12.75, 0, 13, 0.25], "texture": "#texture"}
			}
		},
		{
			"from": [8, -1.5, 9],
			"to": [8.5, -0.5, 9.5],
			"faces": {
				"east": {"uv": [10.5, 0, 10.75, 0.5], "texture": "#texture"},
				"south": {"uv": [10.5, 0, 10.75, 0.5], "texture": "#texture"},
				"west": {"uv": [10.5, 0, 10.75, 0.5], "texture": "#texture"},
				"down": {"uv": [10.5, 0, 10.75, 0.25], "texture": "#texture"}
			}
		},
		{
			"from": [8, -1.5, 6.5],
			"to": [8.5, -0.5, 7],
			"faces": {
				"north": {"uv": [10.5, 0, 10.75, 0.5], "texture": "#texture"},
				"east": {"uv": [10.5, 0, 10.75, 0.5], "texture": "#texture"},
				"west": {"uv": [10.5, 0, 10.75, 0.5], "texture": "#texture"},
				"down": {"uv": [10.5, 0, 10.75, 0.25], "texture": "#texture"}
			}
		},
		{
			"from": [8, -1, 12.5],
			"to": [8.5, 0.5, 13],
			"faces": {
				"east": {"uv": [11.75, 0, 12, 0.75], "texture": "#texture"},
				"south": {"uv": [11.75, 0, 12, 0.75], "texture": "#texture"},
				"west": {"uv": [11.75, 0, 12, 0.75], "texture": "#texture"},
				"up": {"uv": [12.75, 0, 13, 0.25], "texture": "#texture"},
				"down": {"uv": [12.75, 0, 13, 0.25], "texture": "#texture"}
			}
		},
		{
			"from": [8, -1, 11.5],
			"to": [8.5, -0.5, 12],
			"faces": {
				"north": {"uv": [12.75, 0, 13, 0.25], "texture": "#texture"},
				"east": {"uv": [12.75, 0, 13, 0.25], "texture": "#texture"},
				"west": {"uv": [12.75, 0, 13, 0.25], "texture": "#texture"},
				"down": {"uv": [12.75, 0, 13, 0.25], "texture": "#texture"}
			}
		},
		{
			"from": [8, -1, 9.5],
			"to": [8.5, 0, 10],
			"faces": {
				"north": {"uv": [10.5, 0, 10.75, 0.5], "texture": "#texture"},
				"east": {"uv": [10.5, 0, 10.75, 0.5], "texture": "#texture"},
				"south": {"uv": [10.5, 0, 10.75, 0.5], "texture": "#texture"},
				"west": {"uv": [10.5, 0, 10.75, 0.5], "texture": "#texture"},
				"down": {"uv": [10.5, 0, 10.75, 0.25], "texture": "#texture"}
			}
		},
		{
			"from": [8, -1, 6],
			"to": [8.5, 0, 6.5],
			"faces": {
				"north": {"uv": [10.5, 0, 10.75, 0.5], "texture": "#texture"},
				"east": {"uv": [10.5, 0, 10.75, 0.5], "texture": "#texture"},
				"south": {"uv": [10.5, 0, 10.75, 0.5], "texture": "#texture"},
				"west": {"uv": [10.5, 0, 10.75, 0.5], "texture": "#texture"},
				"down": {"uv": [10.5, 0, 10.75, 0.25], "texture": "#texture"}
			}
		},
		{
			"from": [8, -0.5, 10],
			"to": [8.5, 0, 11.5],
			"faces": {
				"east": {"uv": [1, 8.25, 1.75, 8.5], "texture": "#texture"},
				"west": {"uv": [1, 8.25, 1.75, 8.5], "texture": "#texture"},
				"down": {"uv": [11.75, 0, 12, 0.75], "texture": "#texture"}
			}
		},
		{
			"from": [8, -0.5, 4],
			"to": [8.5, 0, 6],
			"faces": {
				"north": {"uv": [12.75, 0, 13, 0.25], "texture": "#texture"},
				"east": {"uv": [1, 8.25, 2, 8.5], "texture": "#texture"},
				"west": {"uv": [1, 8.25, 2, 8.5], "texture": "#texture"},
				"up": {"uv": [11.75, 0, 12, 1], "texture": "#texture"},
				"down": {"uv": [11.75, 0, 12, 1], "texture": "#texture"}
			}
		},
		{
			"from": [8, 0, 3.5],
			"to": [8.5, 0.5, 4],
			"faces": {
				"north": {"uv": [12.75, 0, 13, 0.25], "texture": "#texture"},
				"east": {"uv": [12.75, 0, 13, 0.25], "texture": "#texture"},
				"west": {"uv": [12.75, 0, 13, 0.25], "texture": "#texture"},
				"down": {"uv": [12.75, 0, 13, 0.25], "texture": "#texture"}
			}
		},
		{
			"from": [8, 0.5, 12],
			"to": [8.5, 1, 12.5],
			"faces": {
				"east": {"uv": [12.75, 0, 13, 0.25], "texture": "#texture"},
				"south": {"uv": [12.75, 0, 13, 0.25], "texture": "#texture"},
				"west": {"uv": [12.75, 0, 13, 0.25], "texture": "#texture"},
				"up": {"uv": [12.75, 0, 13, 0.25], "texture": "#texture"}
			}
		},
		{
			"from": [8, 0.5, 3],
			"to": [8.5, 2, 3.5],
			"faces": {
				"north": {"uv": [11.75, 0, 12, 0.75], "texture": "#texture"},
				"east": {"uv": [11.75, 0, 12, 0.75], "texture": "#texture"},
				"west": {"uv": [11.75, 0, 12, 0.75], "texture": "#texture"},
				"up": {"uv": [12.75, 0, 13, 0.25], "texture": "#texture"},
				"down": {"uv": [12.75, 0, 13, 0.25], "texture": "#texture"}
			}
		},
		{
			"from": [8, 1, 11],
			"to": [8.5, 1.5, 12],
			"faces": {
				"north": {"uv": [12.75, 0, 13, 0.25], "texture": "#texture"},
				"east": {"uv": [8.25, 0, 8.75, 0.25], "texture": "#texture"},
				"south": {"uv": [12.75, 0, 13, 0.25], "texture": "#texture"},
				"west": {"uv": [8.25, 0, 8.75, 0.25], "texture": "#texture"},
				"up": {"uv": [12.75, 0, 13, 0.5], "texture": "#texture"},
				"down": {"uv": [12.75, 0, 13, 0.5], "texture": "#texture"}
			}
		},
		{
			"from": [8, 1, 5.5],
			"to": [8.5, 16.5, 6],
			"faces": {
				"north": {"uv": [2.5, 0, 2.75, 7.75], "texture": "#texture"},
				"east": {"uv": [2.5, 0, 2.75, 7.75], "texture": "#texture"},
				"south": {"uv": [2.5, 0, 2.75, 7.75], "texture": "#texture"},
				"west": {"uv": [2.5, 0, 2.75, 7.75], "texture": "#texture"},
				"up": {"uv": [2.5, 0, 2.75, 0.25], "texture": "#texture"}
			}
		},
		{
			"from": [8, 1, 4.5],
			"to": [8.5, 1.5, 5],
			"faces": {
				"east": {"uv": [12.75, 0, 13, 0.25], "texture": "#texture"},
				"south": {"uv": [12.75, 0, 13, 0.25], "texture": "#texture"},
				"west": {"uv": [12.75, 0, 13, 0.25], "texture": "#texture"},
				"up": {"uv": [12.75, 0, 13, 0.25], "texture": "#texture"}
			}
		},
		{
			"from": [8, 1.5, 4],
			"to": [8.5, 2, 4.5],
			"faces": {
				"east": {"uv": [12.75, 0, 13, 0.25], "texture": "#texture"},
				"south": {"uv": [12.75, 0, 13, 0.25], "texture": "#texture"},
				"west": {"uv": [12.75, 0, 13, 0.25], "texture": "#texture"},
				"up": {"uv": [12.75, 0, 13, 0.25], "texture": "#texture"}
			}
		},
		{
			"from": [8, 2, 3.5],
			"to": [8.5, 2.5, 4],
			"faces": {
				"north": {"uv": [12.75, 0, 13, 0.25], "texture": "#texture"},
				"east": {"uv": [12.75, 0, 13, 0.25], "texture": "#texture"},
				"south": {"uv": [12.75, 0, 13, 0.25], "texture": "#texture"},
				"west": {"uv": [12.75, 0, 13, 0.25], "texture": "#texture"},
				"up": {"uv": [12.75, 0, 13, 0.25], "texture": "#texture"}
			}
		},
		{
			"from": [8, 5, 9.5],
			"to": [8.5, 19, 10],
			"faces": {
				"north": {"uv": [2.75, 0, 3, 7], "texture": "#texture"},
				"east": {"uv": [2.75, 0, 3, 7], "texture": "#texture"},
				"south": {"uv": [2.75, 0, 3, 7], "texture": "#texture"},
				"west": {"uv": [2.75, 0, 3, 7], "texture": "#texture"},
				"up": {"uv": [2.5, 0, 2.75, 0.25], "texture": "#texture"}
			}
		},
		{
			"from": [8, 5, 6],
			"to": [8.5, 19, 6.5],
			"faces": {
				"north": {"uv": [2.75, 0, 3, 7], "texture": "#texture"},
				"east": {"uv": [2.75, 0, 3, 7], "texture": "#texture"},
				"south": {"uv": [2.75, 0, 3, 7], "texture": "#texture"},
				"west": {"uv": [2.75, 0, 3, 7], "texture": "#texture"},
				"up": {"uv": [2.5, 0, 2.75, 0.25], "texture": "#texture"}
			}
		},
		{
			"from": [8, 14, 9],
			"to": [8.5, 21, 9.5],
			"faces": {
				"north": {"uv": [2.75, 0.25, 3, 3.75], "texture": "#texture"},
				"east": {"uv": [2.75, 0.25, 3, 3.75], "texture": "#texture"},
				"south": {"uv": [2.75, 0.25, 3, 3.75], "texture": "#texture"},
				"west": {"uv": [2.75, 0.25, 3, 3.75], "texture": "#texture"},
				"up": {"uv": [2.5, 0, 2.75, 0.25], "texture": "#texture"}
			}
		},
		{
			"from": [8, 14, 6.5],
			"to": [8.5, 21, 7],
			"faces": {
				"north": {"uv": [2.75, 0.25, 3, 3.75], "texture": "#texture"},
				"east": {"uv": [2.75, 0.25, 3, 3.75], "texture": "#texture"},
				"south": {"uv": [2.75, 0.25, 3, 3.75], "texture": "#texture"},
				"west": {"uv": [2.75, 0.25, 3, 3.75], "texture": "#texture"},
				"up": {"uv": [2.5, 0, 2.75, 0.25], "texture": "#texture"}
			}
		},
		{
			"from": [8, 16, 8.5],
			"to": [8.5, 22.5, 9],
			"faces": {
				"north": {"uv": [2.75, 0.5, 3, 3.75], "texture": "#texture"},
				"east": {"uv": [2.75, 0.5, 3, 3.75], "texture": "#texture"},
				"south": {"uv": [2.75, 0.5, 3, 3.75], "texture": "#texture"},
				"west": {"uv": [2.75, 0.5, 3, 3.75], "texture": "#texture"},
				"up": {"uv": [2.5, 0, 2.75, 0.25], "texture": "#texture"}
			}
		},
		{
			"from": [8, 16, 7],
			"to": [8.5, 22.5, 7.5],
			"faces": {
				"north": {"uv": [2.75, 0.5, 3, 3.75], "texture": "#texture"},
				"east": {"uv": [2.75, 0.5, 3, 3.75], "texture": "#texture"},
				"south": {"uv": [2.75, 0.5, 3, 3.75], "texture": "#texture"},
				"west": {"uv": [2.75, 0.5, 3, 3.75], "texture": "#texture"},
				"up": {"uv": [2.5, 0, 2.75, 0.25], "texture": "#texture"}
			}
		},
		{
			"from": [8, 20, 7.5],
			"to": [8.5, 23.5, 8.5],
			"faces": {
				"north": {"uv": [2.75, 0.75, 3, 2.5], "texture": "#texture"},
				"east": {"uv": [8.75, 0, 9.25, 1.75], "texture": "#texture"},
				"south": {"uv": [2.75, 0.75, 3, 2.5], "texture": "#texture"},
				"west": {"uv": [8.75, 0, 9.25, 1.75], "texture": "#texture"},
				"up": {"uv": [2.5, 0, 2.75, 0.5], "texture": "#texture"}
			}
		}
	],
	"display": {
		"thirdperson_righthand": {
			"translation": [0, 15, 2.25],
			"scale": [1.5, 1.5, 1.5]
		},
		"thirdperson_lefthand": {
			"translation": [0, 15, 2.25],
			"scale": [1.5, 1.5, 1.5]
		},
		"firstperson_righthand": {
			"translation": [0.5, 14.5, -0.75],
			"scale": [1.5, 1.5, 1.5]
		},
		"firstperson_lefthand": {
			"translation": [0.5, 14.5, -0.75],
			"scale": [1.5, 1.5, 1.5]
		},
		"ground": {
			"translation": [0, 25.25, 0],
			"scale": [1.5, 1.5, 1.5]
		},
		"gui": {
			"rotation": [90, 135, -90],
			"translation": [-0.15, 0.75, -0.1],
			"scale": [0.7, 0.7, 0.7]
		},
		"head": {
			"translation": [0, 18, 0]
		},
		"fixed": {
			"rotation": [90, 45.5, -90],
			"translation": [0.6, 0.75, -0.1],
			"scale": [0.8, 0.8, 0.8]
		}
	},
	"groups": [
		{
			"name": "group",
			"origin": [8, 8, 8],
			"color": 0,
			"nbt": "{}",
			"armAnimationEnabled": false,
			"children": [0, 1, 2, 3, 4, 5, 6, 7, 8, 9, 10, 11, 12, 13, 14, 15, 16, 17, 18, 19, 20, 21, 22, 23, 24, 25, 26, 27, 28, 29, 30, 31, 32, 33, 34, 35, 36, 37, 38, 39, 40, 41, 42, 43, 44, 45, 46, 47, 48, 49, 50, 51, 52, 53, 54, 55, 56, 57, 58, 59, 60, 61, 62, 63, 64, 65, 66, 67, 68, 69, 70, 71, 72]
		}
	]
}