{
	"credit": "Made with Blockbench",
	"textures": {
		"0": "item/skyroot/aether_stick",
		"particle": "item/skyroot/aether_stick"
	},
	"elements": [
		{
			"from": [8, 0, 7.1],
			"to": [9, 7, 7.9],
			"faces": {
				"north": {"uv": [0, 0, 1, 7], "texture": "#0"},
				"east": {"uv": [1, 0, 2, 7], "texture": "#0"},
				"south": {"uv": [2, 0, 3, 7], "texture": "#0"},
				"west": {"uv": [3, 0, 4, 7], "texture": "#0"},
				"up": {"uv": [7, 9, 6, 8], "texture": "#0"},
				"down": {"uv": [9, 6, 8, 7], "texture": "#0"}
			}
		},
		{
			"from": [7.45, 7, 7.1],
			"to": [7.95, 10, 7.9],
			"rotation": {"angle": 22.5, "axis": "z", "origin": [8.5, 8.5, 7.5]},
			"faces": {
				"north": {"uv": [4, 0, 5, 3], "texture": "#0"},
				"east": {"uv": [4, 3, 5, 6], "texture": "#0"},
				"south": {"uv": [5, 0, 6, 3], "texture": "#0"},
				"west": {"uv": [5, 3, 6, 6], "texture": "#0"},
				"up": {"uv": [8, 9, 7, 8], "texture": "#0"},
				"down": {"uv": [9, 7, 8, 8], "texture": "#0"}
			}
		},
		{
			"from": [9.07612, 7.86732, 7.1],
			"to": [9.82612, 10.86732, 7.9],
			"rotation": {"angle": -45, "axis": "z", "origin": [7.57612, 8.11732, 7.5]},
			"faces": {
				"north": {"uv": [6, 0, 7, 3], "texture": "#0"},
				"east": {"uv": [6, 3, 7, 6], "texture": "#0"},
				"south": {"uv": [4, 6, 5, 9], "texture": "#0"},
				"west": {"uv": [5, 6, 6, 9], "texture": "#0"},
				"up": {"uv": [9, 9, 8, 8], "texture": "#0"},
				"down": {"uv": [1, 9, 0, 10], "texture": "#0"}
			}
		},
		{
			"from": [7.6, 8.5, 7.25],
			"to": [8.85, 9, 7.75],
			"rotation": {"angle": 45, "axis": "z", "origin": [8.5, 8.5, 7.5]},
			"faces": {
				"north": {"uv": [6, 6, 8, 7], "texture": "#0"},
				"east": {"uv": [9, 0, 10, 1], "texture": "#0"},
				"south": {"uv": [0, 7, 2, 8], "texture": "#0"},
				"west": {"uv": [1, 9, 2, 10], "texture": "#0"},
				"up": {"uv": [9, 1, 7, 0], "texture": "#0"},
				"down": {"uv": [9, 1, 7, 2], "texture": "#0"}
			}
		},
		{
			"from": [7.18306, 3.91897, 7.25],
			"to": [8.93306, 4.41897, 7.75],
			"rotation": {"angle": -22.5, "axis": "z", "origin": [8.05806, 4.16897, 7.5]},
			"faces": {
				"north": {"uv": [2, 7, 4, 8], "texture": "#0"},
				"east": {"uv": [9, 1, 10, 2], "texture": "#0"},
				"south": {"uv": [7, 2, 9, 3], "texture": "#0"},
				"west": {"uv": [2, 9, 3, 10], "texture": "#0"},
				"up": {"uv": [9, 4, 7, 3], "texture": "#0"},
				"down": {"uv": [9, 4, 7, 5], "texture": "#0"}
			}
		},
		{
			"from": [8.30806, 2.16897, 8.125],
			"to": [8.80806, 2.66897, 9.125],
			"rotation": {"angle": 45, "axis": "x", "origin": [8.05806, 4.16897, 7.5]},
			"faces": {
				"north": {"uv": [9, 2, 10, 3], "texture": "#0"},
				"east": {"uv": [3, 9, 4, 10], "texture": "#0"},
				"south": {"uv": [9, 3, 10, 4], "texture": "#0"},
				"west": {"uv": [4, 9, 5, 10], "texture": "#0"},
				"up": {"uv": [10, 5, 9, 4], "texture": "#0"},
				"down": {"uv": [6, 9, 5, 10], "texture": "#0"}
			}
		},
		{
			"from": [8.18306, 3.91897, 7.25],
			"to": [9.93306, 4.41897, 7.75],
			"rotation": {"angle": 45, "axis": "z", "origin": [8.05806, 4.16897, 7.5]},
			"faces": {
				"north": {"uv": [7, 5, 9, 6], "texture": "#0"},
				"east": {"uv": [9, 5, 10, 6], "texture": "#0"},
				"south": {"uv": [6, 7, 8, 8], "texture": "#0"},
				"west": {"uv": [6, 9, 7, 10], "texture": "#0"},
				"up": {"uv": [2, 9, 0, 8], "texture": "#0"},
				"down": {"uv": [4, 8, 2, 9], "texture": "#0"}
			}
		}
	],
	"display": {
		"thirdperson_righthand": {
			"translation": [0, 3.25, 2]
		},
		"thirdperson_lefthand": {
			"translation": [0, 3.25, 2]
		},
		"firstperson_righthand": {
			"translation": [1.25, 4.5, 0]
		},
		"firstperson_lefthand": {
			"translation": [1.25, 4.5, 0]
		},
		"ground": {
			"translation": [0, 5, 0]
		},
		"gui": {
			"translation": [0, 3.25, 0]
		},
		"head": {
			"translation": [0, 15.25, 0]
		}
	},
	"groups": [
		{
			"name": "group",
			"origin": [8.05806, 4.16897, 7.5],
			"color": 0,
			"nbt": "{}",
			"armAnimationEnabled": false,
			"children": [0, 1, 2, 3, 4, 5, 6]
		}
	]
}