{
	"credit": "Made with Blockbench",
	"texture_size": [32, 32],
	"textures": {
		"1": "item/essence/lightning_essence"
	},
	"elements": [
		{
			"from": [5, 3, 7],
			"to": [10, 4, 8],
			"rotation": {"angle": 0, "axis": "y", "origin": [11.70455, 7.65909, 7.5]},
			"faces": {
				"north": {"uv": [6.5, 3.5, 9, 4], "texture": "#1"},
				"east": {"uv": [8.5, 2, 9, 2.5], "texture": "#1"},
				"south": {"uv": [4, 6.5, 6.5, 7], "texture": "#1"},
				"west": {"uv": [8.5, 2.5, 9, 3], "texture": "#1"},
				"up": {"uv": [9, 4.5, 6.5, 4], "texture": "#1"},
				"down": {"uv": [9, 4.5, 6.5, 5], "texture": "#1"}
			}
		},
		{
			"from": [4, 4, 7],
			"to": [11, 5, 8],
			"rotation": {"angle": 0, "axis": "y", "origin": [11.70455, 7.65909, 7.5]},
			"faces": {
				"north": {"uv": [4, 6, 7.5, 6.5], "texture": "#1"},
				"east": {"uv": [8.5, 6, 9, 6.5], "texture": "#1"},
				"south": {"uv": [6.5, 0, 10, 0.5], "texture": "#1"},
				"west": {"uv": [8.5, 6.5, 9, 7], "texture": "#1"},
				"up": {"uv": [10, 1, 6.5, 0.5], "texture": "#1"},
				"down": {"uv": [10, 1, 6.5, 1.5], "texture": "#1"}
			}
		},
		{
			"from": [12, 4, 7],
			"to": [13, 5, 8],
			"rotation": {"angle": 0, "axis": "y", "origin": [11.70455, 7.65909, 7.5]},
			"faces": {
				"north": {"uv": [8.5, 7, 9, 7.5], "texture": "#1"},
				"east": {"uv": [8.5, 7.5, 9, 8], "texture": "#1"},
				"south": {"uv": [8, 8.5, 8.5, 9], "texture": "#1"},
				"west": {"uv": [8.5, 8.5, 9, 9], "texture": "#1"},
				"up": {"uv": [9.5, 2.5, 9, 2], "texture": "#1"},
				"down": {"uv": [3, 9, 2.5, 9.5], "texture": "#1"}
			}
		},
		{
			"from": [3, 5, 7],
			"to": [14, 6, 8],
			"rotation": {"angle": 0, "axis": "y", "origin": [11.70455, 7.65909, 7.5]},
			"faces": {
				"north": {"uv": [0, 5, 5.5, 5.5], "texture": "#1"},
				"east": {"uv": [9, 2.5, 9.5, 3], "texture": "#1"},
				"south": {"uv": [0, 5.5, 5.5, 6], "texture": "#1"},
				"west": {"uv": [3, 9, 3.5, 9.5], "texture": "#1"},
				"up": {"uv": [11, 5.5, 5.5, 5], "texture": "#1"},
				"down": {"uv": [11, 5.5, 5.5, 6], "texture": "#1"}
			}
		},
		{
			"from": [2, 6, 7],
			"to": [15, 7, 8],
			"rotation": {"angle": 0, "axis": "y", "origin": [11.70455, 7.65909, 7.5]},
			"faces": {
				"north": {"uv": [0, 2, 6.5, 2.5], "texture": "#1"},
				"east": {"uv": [9, 3, 9.5, 3.5], "texture": "#1"},
				"south": {"uv": [0, 2.5, 6.5, 3], "texture": "#1"},
				"west": {"uv": [3.5, 9, 4, 9.5], "texture": "#1"},
				"up": {"uv": [6.5, 3.5, 0, 3], "texture": "#1"},
				"down": {"uv": [6.5, 3.5, 0, 4], "texture": "#1"}
			}
		},
		{
			"from": [3, 7, 7],
			"to": [16, 9, 8],
			"rotation": {"angle": 0, "axis": "y", "origin": [11.70455, 7.65909, 7.5]},
			"faces": {
				"north": {"uv": [0, 0, 6.5, 1], "texture": "#1"},
				"east": {"uv": [2.5, 8, 3, 9], "texture": "#1"},
				"south": {"uv": [0, 1, 6.5, 2], "texture": "#1"},
				"west": {"uv": [3, 8, 3.5, 9], "texture": "#1"},
				"up": {"uv": [6.5, 4.5, 0, 4], "texture": "#1"},
				"down": {"uv": [6.5, 4.5, 0, 5], "texture": "#1"}
			}
		},
		{
			"from": [13, 9, 7],
			"to": [16, 11, 8],
			"rotation": {"angle": 0, "axis": "y", "origin": [11.70455, 7.65909, 7.5]},
			"faces": {
				"north": {"uv": [6.5, 1.5, 8, 2.5], "texture": "#1"},
				"east": {"uv": [3.5, 8, 4, 9], "texture": "#1"},
				"south": {"uv": [6.5, 2.5, 8, 3.5], "texture": "#1"},
				"west": {"uv": [4, 8, 4.5, 9], "texture": "#1"},
				"up": {"uv": [3.5, 8, 2, 7.5], "texture": "#1"},
				"down": {"uv": [5, 7.5, 3.5, 8], "texture": "#1"}
			}
		},
		{
			"from": [14, 11, 7],
			"to": [15, 12, 8],
			"rotation": {"angle": 0, "axis": "y", "origin": [11.70455, 7.65909, 7.5]},
			"faces": {
				"north": {"uv": [9, 3.5, 9.5, 4], "texture": "#1"},
				"east": {"uv": [4, 9, 4.5, 9.5], "texture": "#1"},
				"south": {"uv": [9, 4, 9.5, 4.5], "texture": "#1"},
				"west": {"uv": [4.5, 9, 5, 9.5], "texture": "#1"},
				"up": {"uv": [9.5, 5, 9, 4.5], "texture": "#1"},
				"down": {"uv": [5.5, 9, 5, 9.5], "texture": "#1"}
			}
		},
		{
			"from": [13, 12, 7],
			"to": [14, 15, 8],
			"rotation": {"angle": 0, "axis": "y", "origin": [11.70455, 7.65909, 7.5]},
			"faces": {
				"north": {"uv": [5, 7.5, 5.5, 9], "texture": "#1"},
				"east": {"uv": [5.5, 7.5, 6, 9], "texture": "#1"},
				"south": {"uv": [6, 7.5, 6.5, 9], "texture": "#1"},
				"west": {"uv": [6.5, 7.5, 7, 9], "texture": "#1"},
				"up": {"uv": [6, 9.5, 5.5, 9], "texture": "#1"},
				"down": {"uv": [6.5, 9, 6, 9.5], "texture": "#1"}
			}
		},
		{
			"from": [12, 13, 7],
			"to": [13, 14, 8],
			"rotation": {"angle": 0, "axis": "y", "origin": [11.70455, 7.65909, 7.5]},
			"faces": {
				"north": {"uv": [9, 6, 9.5, 6.5], "texture": "#1"},
				"east": {"uv": [6.5, 9, 7, 9.5], "texture": "#1"},
				"south": {"uv": [9, 6.5, 9.5, 7], "texture": "#1"},
				"west": {"uv": [7, 9, 7.5, 9.5], "texture": "#1"},
				"up": {"uv": [9.5, 7.5, 9, 7], "texture": "#1"},
				"down": {"uv": [8, 9, 7.5, 9.5], "texture": "#1"}
			}
		},
		{
			"from": [14, 13, 7],
			"to": [15, 14, 8],
			"rotation": {"angle": 0, "axis": "y", "origin": [11.70455, 7.65909, 7.5]},
			"faces": {
				"north": {"uv": [9, 7.5, 9.5, 8], "texture": "#1"},
				"east": {"uv": [8, 9, 8.5, 9.5], "texture": "#1"},
				"south": {"uv": [9, 8, 9.5, 8.5], "texture": "#1"},
				"west": {"uv": [8.5, 9, 9, 9.5], "texture": "#1"},
				"up": {"uv": [9.5, 9, 9, 8.5], "texture": "#1"},
				"down": {"uv": [9.5, 9, 9, 9.5], "texture": "#1"}
			}
		},
		{
			"from": [4, 13, 7],
			"to": [5, 14, 8],
			"rotation": {"angle": 0, "axis": "y", "origin": [11.70455, 7.65909, 7.5]},
			"faces": {
				"north": {"uv": [0, 9.5, 0.5, 10], "texture": "#1"},
				"east": {"uv": [0.5, 9.5, 1, 10], "texture": "#1"},
				"south": {"uv": [1, 9.5, 1.5, 10], "texture": "#1"},
				"west": {"uv": [1.5, 9.5, 2, 10], "texture": "#1"},
				"up": {"uv": [10, 2, 9.5, 1.5], "texture": "#1"},
				"down": {"uv": [2.5, 9.5, 2, 10], "texture": "#1"}
			}
		},
		{
			"from": [4, 9, 7],
			"to": [5, 10, 8],
			"rotation": {"angle": 0, "axis": "y", "origin": [11.70455, 7.65909, 7.5]},
			"faces": {
				"north": {"uv": [9.5, 2, 10, 2.5], "texture": "#1"},
				"east": {"uv": [2.5, 9.5, 3, 10], "texture": "#1"},
				"south": {"uv": [9.5, 2.5, 10, 3], "texture": "#1"},
				"west": {"uv": [3, 9.5, 3.5, 10], "texture": "#1"},
				"up": {"uv": [10, 3.5, 9.5, 3], "texture": "#1"},
				"down": {"uv": [4, 9.5, 3.5, 10], "texture": "#1"}
			}
		},
		{
			"from": [6, 9, 7],
			"to": [10, 11, 8],
			"rotation": {"angle": 0, "axis": "y", "origin": [11.70455, 7.65909, 7.5]},
			"faces": {
				"north": {"uv": [0, 6, 2, 7], "texture": "#1"},
				"east": {"uv": [4.5, 8, 5, 9], "texture": "#1"},
				"south": {"uv": [2, 6, 4, 7], "texture": "#1"},
				"west": {"uv": [8, 7, 8.5, 8], "texture": "#1"},
				"up": {"uv": [8.5, 7, 6.5, 6.5], "texture": "#1"},
				"down": {"uv": [2, 7, 0, 7.5], "texture": "#1"}
			}
		},
		{
			"from": [10, 9, 7],
			"to": [12, 10, 8],
			"rotation": {"angle": 0, "axis": "y", "origin": [11.70455, 7.65909, 7.5]},
			"faces": {
				"north": {"uv": [7.5, 6, 8.5, 6.5], "texture": "#1"},
				"east": {"uv": [9.5, 3.5, 10, 4], "texture": "#1"},
				"south": {"uv": [8, 3, 9, 3.5], "texture": "#1"},
				"west": {"uv": [4, 9.5, 4.5, 10], "texture": "#1"},
				"up": {"uv": [9, 8.5, 8, 8], "texture": "#1"},
				"down": {"uv": [9.5, 1.5, 8.5, 2], "texture": "#1"}
			}
		},
		{
			"from": [5, 12, 7],
			"to": [6, 15, 8],
			"rotation": {"angle": 0, "axis": "y", "origin": [11.70455, 7.65909, 7.5]},
			"faces": {
				"north": {"uv": [7, 7.5, 7.5, 9], "texture": "#1"},
				"east": {"uv": [7.5, 7.5, 8, 9], "texture": "#1"},
				"south": {"uv": [0, 8, 0.5, 9.5], "texture": "#1"},
				"west": {"uv": [0.5, 8, 1, 9.5], "texture": "#1"},
				"up": {"uv": [10, 4.5, 9.5, 4], "texture": "#1"},
				"down": {"uv": [5, 9.5, 4.5, 10], "texture": "#1"}
			}
		},
		{
			"from": [6, 13, 7],
			"to": [7, 14, 8],
			"rotation": {"angle": 0, "axis": "y", "origin": [11.70455, 7.65909, 7.5]},
			"faces": {
				"north": {"uv": [9.5, 4.5, 10, 5], "texture": "#1"},
				"east": {"uv": [5, 9.5, 5.5, 10], "texture": "#1"},
				"south": {"uv": [5.5, 9.5, 6, 10], "texture": "#1"},
				"west": {"uv": [6, 9.5, 6.5, 10], "texture": "#1"},
				"up": {"uv": [10, 6.5, 9.5, 6], "texture": "#1"},
				"down": {"uv": [7, 9.5, 6.5, 10], "texture": "#1"}
			}
		},
		{
			"from": [7, 11, 7],
			"to": [11, 12, 8],
			"rotation": {"angle": 0, "axis": "y", "origin": [11.70455, 7.65909, 7.5]},
			"faces": {
				"north": {"uv": [2, 7, 4, 7.5], "texture": "#1"},
				"east": {"uv": [9.5, 6.5, 10, 7], "texture": "#1"},
				"south": {"uv": [4, 7, 6, 7.5], "texture": "#1"},
				"west": {"uv": [7, 9.5, 7.5, 10], "texture": "#1"},
				"up": {"uv": [8, 7.5, 6, 7], "texture": "#1"},
				"down": {"uv": [2, 7.5, 0, 8], "texture": "#1"}
			}
		},
		{
			"from": [9, 12, 7],
			"to": [10, 13, 8],
			"rotation": {"angle": 0, "axis": "y", "origin": [11.70455, 7.65909, 7.5]},
			"faces": {
				"north": {"uv": [9.5, 7, 10, 7.5], "texture": "#1"},
				"east": {"uv": [7.5, 9.5, 8, 10], "texture": "#1"},
				"south": {"uv": [9.5, 7.5, 10, 8], "texture": "#1"},
				"west": {"uv": [8, 9.5, 8.5, 10], "texture": "#1"},
				"up": {"uv": [10, 8.5, 9.5, 8], "texture": "#1"},
				"down": {"uv": [9, 9.5, 8.5, 10], "texture": "#1"}
			}
		},
		{
			"from": [10, 14, 7],
			"to": [11, 17, 8],
			"rotation": {"angle": 0, "axis": "y", "origin": [11.70455, 7.65909, 7.5]},
			"faces": {
				"north": {"uv": [1, 8, 1.5, 9.5], "texture": "#1"},
				"east": {"uv": [1.5, 8, 2, 9.5], "texture": "#1"},
				"south": {"uv": [8, 1.5, 8.5, 3], "texture": "#1"},
				"west": {"uv": [2, 8, 2.5, 9.5], "texture": "#1"},
				"up": {"uv": [10, 9, 9.5, 8.5], "texture": "#1"},
				"down": {"uv": [9.5, 9.5, 9, 10], "texture": "#1"}
			}
		},
		{
			"from": [9, 15, 7],
			"to": [10, 16, 8],
			"rotation": {"angle": 0, "axis": "y", "origin": [11.70455, 7.65909, 7.5]},
			"faces": {
				"north": {"uv": [9.5, 9, 10, 9.5], "texture": "#1"},
				"east": {"uv": [9.5, 9.5, 10, 10], "texture": "#1"},
				"south": {"uv": [0, 10, 0.5, 10.5], "texture": "#1"},
				"west": {"uv": [10, 0, 10.5, 0.5], "texture": "#1"},
				"up": {"uv": [1, 10.5, 0.5, 10], "texture": "#1"},
				"down": {"uv": [10.5, 0.5, 10, 1], "texture": "#1"}
			}
		},
		{
			"from": [11, 15, 7],
			"to": [12, 16, 8],
			"rotation": {"angle": 0, "axis": "y", "origin": [11.70455, 7.65909, 7.5]},
			"faces": {
				"north": {"uv": [1, 10, 1.5, 10.5], "texture": "#1"},
				"east": {"uv": [10, 1, 10.5, 1.5], "texture": "#1"},
				"south": {"uv": [1.5, 10, 2, 10.5], "texture": "#1"},
				"west": {"uv": [10, 1.5, 10.5, 2], "texture": "#1"},
				"up": {"uv": [2.5, 10.5, 2, 10], "texture": "#1"},
				"down": {"uv": [10.5, 2, 10, 2.5], "texture": "#1"}
			}
		}
	],
	"display": {
		"thirdperson_righthand": {
			"translation": [0, 2.25, 1.5],
			"scale": [0.6, 0.6, 0.6]
		},
		"thirdperson_lefthand": {
			"translation": [0, 2.25, 1.5],
			"scale": [0.6, 0.6, 0.6]
		},
		"firstperson_righthand": {
			"rotation": [0, 114, 0],
			"translation": [0.25, 3.25, 0],
			"scale": [0.6, 0.6, 0.6]
		},
		"firstperson_lefthand": {
			"rotation": [0, 114, 0],
			"translation": [0.25, 3.25, 0],
			"scale": [0.6, 0.6, 0.6]
		},
		"ground": {
			"scale": [0.6, 0.6, 0.6]
		},
		"gui": {
			"translation": [-0.75, -1.5, 0]
		},
		"head": {
			"translation": [0, 10, 0],
			"scale": [0.6, 0.6, 0.6]
		}
	},
	"groups": [
		{
			"name": "group",
			"origin": [8, 8, 8],
			"color": 0,
			"nbt": "{}",
			"armAnimationEnabled": false,
			"children": [0, 1, 2, 3, 4, 5, 6, 7, 8, 9, 10, 11, 12, 13, 14, 15, 16, 17, 18, 19, 20, 21]
		}
	]
}