{
	"credit": "Made with Blockbench",
	"texture_size": [64, 64],
	"textures": {
		"6": "item/valkyre/valkyre_sword",
		"particle": "item/valkyre/valkyre_sword"
	},
	"elements": [
		{
			"name": "Cube",
			"from": [7.7, 5.5, 8.5],
			"to": [8.3, 9, 9.5],
			"faces": {
				"north": {"uv": [3, 0, 3.25, 1], "texture": "#6"},
				"east": {"uv": [3, 1, 3.25, 2], "texture": "#6"},
				"south": {"uv": [3, 2, 3.25, 3], "texture": "#6"},
				"west": {"uv": [3, 3, 3.25, 4], "texture": "#6"},
				"up": {"uv": [4, 0.25, 3.75, 0], "texture": "#6"},
				"down": {"uv": [4, 0.25, 3.75, 0.5], "texture": "#6"}
			}
		},
		{
			"name": "Cube",
			"from": [7.6, 9, 8.1],
			"to": [8.4, 9.5, 9.9],
			"faces": {
				"north": {"uv": [0.5, 3.75, 0.75, 4], "texture": "#6"},
				"east": {"uv": [0.5, 3.5, 1, 3.75], "texture": "#6"},
				"south": {"uv": [3.75, 0.5, 4, 0.75], "texture": "#6"},
				"west": {"uv": [3.5, 0.75, 4, 1], "texture": "#6"},
				"up": {"uv": [1.25, 4, 1, 3.5], "texture": "#6"},
				"down": {"uv": [3.75, 1, 3.5, 1.5], "texture": "#6"}
			}
		},
		{
			"name": "Cube",
			"from": [7.6, 6.1, 8.4],
			"to": [8.4, 6.5, 9.6],
			"faces": {
				"north": {"uv": [0.75, 3.75, 1, 4], "texture": "#6"},
				"east": {"uv": [3.75, 1, 4, 1.25], "texture": "#6"},
				"south": {"uv": [1.25, 3.75, 1.5, 4], "texture": "#6"},
				"west": {"uv": [3.75, 1.25, 4, 1.5], "texture": "#6"},
				"up": {"uv": [1.75, 4, 1.5, 3.75], "texture": "#6"},
				"down": {"uv": [4, 1.75, 3.75, 2], "texture": "#6"}
			}
		},
		{
			"name": "Cube",
			"from": [7.6, 5.6, 8.4],
			"to": [8.4, 6, 9.6],
			"faces": {
				"north": {"uv": [3.75, 2, 4, 2.25], "texture": "#6"},
				"east": {"uv": [3.75, 2.75, 4, 3], "texture": "#6"},
				"south": {"uv": [3.75, 3, 4, 3.25], "texture": "#6"},
				"west": {"uv": [3.25, 3.75, 3.5, 4], "texture": "#6"},
				"up": {"uv": [4, 3.5, 3.75, 3.25], "texture": "#6"},
				"down": {"uv": [3.75, 3.75, 3.5, 4], "texture": "#6"}
			}
		},
		{
			"name": "Cube",
			"from": [7.8, 2.8, 8.6],
			"to": [8.2, 5.5, 9.4],
			"faces": {
				"north": {"uv": [3.25, 0, 3.5, 0.75], "texture": "#6"},
				"east": {"uv": [3.25, 0.75, 3.5, 1.5], "texture": "#6"},
				"south": {"uv": [3.25, 1.5, 3.5, 2.25], "texture": "#6"},
				"west": {"uv": [3.25, 2.25, 3.5, 3], "texture": "#6"},
				"up": {"uv": [4, 3.75, 3.75, 3.5], "texture": "#6"},
				"down": {"uv": [4, 3.75, 3.75, 4], "texture": "#6"}
			}
		},
		{
			"name": "Cube",
			"from": [7.7, 2.9, 8.5],
			"to": [8.3, 3.3, 9.5],
			"faces": {
				"north": {"uv": [4, 0, 4.25, 0.25], "texture": "#6"},
				"east": {"uv": [4, 0.25, 4.25, 0.5], "texture": "#6"},
				"south": {"uv": [0.5, 4, 0.75, 4.25], "texture": "#6"},
				"west": {"uv": [4, 0.5, 4.25, 0.75], "texture": "#6"},
				"up": {"uv": [1, 4.25, 0.75, 4], "texture": "#6"},
				"down": {"uv": [4.25, 0.75, 4, 1], "texture": "#6"}
			}
		},
		{
			"name": "Cube",
			"from": [7.7, 2.3, 8.6],
			"to": [8.3, 2.6, 9.4],
			"faces": {
				"north": {"uv": [1, 4, 1.25, 4.25], "texture": "#6"},
				"east": {"uv": [4, 1, 4.25, 1.25], "texture": "#6"},
				"south": {"uv": [1.25, 4, 1.5, 4.25], "texture": "#6"},
				"west": {"uv": [4, 1.25, 4.25, 1.5], "texture": "#6"},
				"up": {"uv": [1.75, 4.25, 1.5, 4], "texture": "#6"},
				"down": {"uv": [4.25, 1.5, 4, 1.75], "texture": "#6"}
			}
		},
		{
			"name": "Cube",
			"from": [7.7, 2, 8.5],
			"to": [8.3, 2.3, 9.5],
			"faces": {
				"north": {"uv": [1.75, 4, 2, 4.25], "texture": "#6"},
				"east": {"uv": [4, 1.75, 4.25, 2], "texture": "#6"},
				"south": {"uv": [4, 2, 4.25, 2.25], "texture": "#6"},
				"west": {"uv": [4, 2.25, 4.25, 2.5], "texture": "#6"},
				"up": {"uv": [4.25, 2.75, 4, 2.5], "texture": "#6"},
				"down": {"uv": [4.25, 2.75, 4, 3], "texture": "#6"}
			}
		},
		{
			"name": "Cube",
			"from": [7.7, 1.5, 8.4],
			"to": [8.3, 2, 9.6],
			"faces": {
				"north": {"uv": [3, 4, 3.25, 4.25], "texture": "#6"},
				"east": {"uv": [4, 3, 4.25, 3.25], "texture": "#6"},
				"south": {"uv": [3.25, 4, 3.5, 4.25], "texture": "#6"},
				"west": {"uv": [4, 3.25, 4.25, 3.5], "texture": "#6"},
				"up": {"uv": [3.75, 4.25, 3.5, 4], "texture": "#6"},
				"down": {"uv": [4.25, 3.5, 4, 3.75], "texture": "#6"}
			}
		},
		{
			"name": "Cube",
			"from": [7.8, 1.3, 8.6],
			"to": [8.2, 1.5, 9.4],
			"faces": {
				"north": {"uv": [3.75, 4, 4, 4.25], "texture": "#6"},
				"east": {"uv": [4, 3.75, 4.25, 4], "texture": "#6"},
				"south": {"uv": [4, 4, 4.25, 4.25], "texture": "#6"},
				"west": {"uv": [0, 4.25, 0.25, 4.5], "texture": "#6"},
				"up": {"uv": [4.5, 0.25, 4.25, 0], "texture": "#6"},
				"down": {"uv": [0.5, 4.25, 0.25, 4.5], "texture": "#6"}
			}
		},
		{
			"name": "Cube",
			"from": [7.9, 1.2, 8.9],
			"to": [8.1, 1.3, 9.1],
			"faces": {
				"north": {"uv": [4.25, 0.25, 4.5, 0.5], "texture": "#6"},
				"east": {"uv": [0.5, 4.25, 0.75, 4.5], "texture": "#6"},
				"south": {"uv": [4.25, 0.5, 4.5, 0.75], "texture": "#6"},
				"west": {"uv": [0.75, 4.25, 1, 4.5], "texture": "#6"},
				"up": {"uv": [4.5, 1, 4.25, 0.75], "texture": "#6"},
				"down": {"uv": [1.25, 4.25, 1, 4.5], "texture": "#6"}
			}
		},
		{
			"name": "Cube",
			"from": [7.7, 9.2, 7],
			"to": [8.3, 9.6, 8.1],
			"faces": {
				"north": {"uv": [4.25, 1, 4.5, 1.25], "texture": "#6"},
				"east": {"uv": [1.25, 4.25, 1.5, 4.5], "texture": "#6"},
				"south": {"uv": [4.25, 1.25, 4.5, 1.5], "texture": "#6"},
				"west": {"uv": [1.5, 4.25, 1.75, 4.5], "texture": "#6"},
				"up": {"uv": [4.5, 1.75, 4.25, 1.5], "texture": "#6"},
				"down": {"uv": [2, 4.25, 1.75, 4.5], "texture": "#6"}
			}
		},
		{
			"name": "Cube",
			"from": [7.8, 9.4, 6.2],
			"to": [8.2, 9.7, 7],
			"faces": {
				"north": {"uv": [4.25, 1.75, 4.5, 2], "texture": "#6"},
				"east": {"uv": [4.25, 2, 4.5, 2.25], "texture": "#6"},
				"south": {"uv": [4.25, 2.25, 4.5, 2.5], "texture": "#6"},
				"west": {"uv": [4.25, 2.5, 4.5, 2.75], "texture": "#6"},
				"up": {"uv": [4.5, 3, 4.25, 2.75], "texture": "#6"},
				"down": {"uv": [3.25, 4.25, 3, 4.5], "texture": "#6"}
			}
		},
		{
			"name": "Cube",
			"from": [7.8, 9.5, 5.8],
			"to": [8.2, 9.8, 6.2],
			"faces": {
				"north": {"uv": [4.25, 3, 4.5, 3.25], "texture": "#6"},
				"east": {"uv": [3.25, 4.25, 3.5, 4.5], "texture": "#6"},
				"south": {"uv": [4.25, 3.25, 4.5, 3.5], "texture": "#6"},
				"west": {"uv": [3.5, 4.25, 3.75, 4.5], "texture": "#6"},
				"up": {"uv": [4.5, 3.75, 4.25, 3.5], "texture": "#6"},
				"down": {"uv": [4, 4.25, 3.75, 4.5], "texture": "#6"}
			}
		},
		{
			"name": "Cube",
			"from": [7.8, 9.7, 5.5],
			"to": [8.2, 10.1, 5.8],
			"faces": {
				"north": {"uv": [4.25, 3.75, 4.5, 4], "texture": "#6"},
				"east": {"uv": [4, 4.25, 4.25, 4.5], "texture": "#6"},
				"south": {"uv": [4.25, 4, 4.5, 4.25], "texture": "#6"},
				"west": {"uv": [4.25, 4.25, 4.5, 4.5], "texture": "#6"},
				"up": {"uv": [0.25, 4.75, 0, 4.5], "texture": "#6"},
				"down": {"uv": [4.75, 0, 4.5, 0.25], "texture": "#6"}
			}
		},
		{
			"name": "Cube",
			"from": [7.7, 9.2, 9.9],
			"to": [8.3, 9.6, 11],
			"faces": {
				"north": {"uv": [0.25, 4.5, 0.5, 4.75], "texture": "#6"},
				"east": {"uv": [4.5, 0.25, 4.75, 0.5], "texture": "#6"},
				"south": {"uv": [0.5, 4.5, 0.75, 4.75], "texture": "#6"},
				"west": {"uv": [4.5, 0.5, 4.75, 0.75], "texture": "#6"},
				"up": {"uv": [1, 4.75, 0.75, 4.5], "texture": "#6"},
				"down": {"uv": [4.75, 0.75, 4.5, 1], "texture": "#6"}
			}
		},
		{
			"name": "Cube",
			"from": [7.8, 9.4, 11],
			"to": [8.2, 9.7, 11.8],
			"faces": {
				"north": {"uv": [1, 4.5, 1.25, 4.75], "texture": "#6"},
				"east": {"uv": [4.5, 1, 4.75, 1.25], "texture": "#6"},
				"south": {"uv": [1.25, 4.5, 1.5, 4.75], "texture": "#6"},
				"west": {"uv": [4.5, 1.25, 4.75, 1.5], "texture": "#6"},
				"up": {"uv": [1.75, 4.75, 1.5, 4.5], "texture": "#6"},
				"down": {"uv": [4.75, 1.5, 4.5, 1.75], "texture": "#6"}
			}
		},
		{
			"name": "Cube",
			"from": [7.8, 9.5, 11.8],
			"to": [8.2, 9.8, 12.2],
			"faces": {
				"north": {"uv": [1.75, 4.5, 2, 4.75], "texture": "#6"},
				"east": {"uv": [4.5, 1.75, 4.75, 2], "texture": "#6"},
				"south": {"uv": [2, 4.5, 2.25, 4.75], "texture": "#6"},
				"west": {"uv": [4.5, 2, 4.75, 2.25], "texture": "#6"},
				"up": {"uv": [2.5, 4.75, 2.25, 4.5], "texture": "#6"},
				"down": {"uv": [4.75, 2.25, 4.5, 2.5], "texture": "#6"}
			}
		},
		{
			"name": "Cube",
			"from": [7.8, 9.7, 12.2],
			"to": [8.2, 10.1, 12.5],
			"faces": {
				"north": {"uv": [2.5, 4.5, 2.75, 4.75], "texture": "#6"},
				"east": {"uv": [4.5, 2.5, 4.75, 2.75], "texture": "#6"},
				"south": {"uv": [2.75, 4.5, 3, 4.75], "texture": "#6"},
				"west": {"uv": [4.5, 2.75, 4.75, 3], "texture": "#6"},
				"up": {"uv": [3.25, 4.75, 3, 4.5], "texture": "#6"},
				"down": {"uv": [4.75, 3, 4.5, 3.25], "texture": "#6"}
			}
		},
		{
			"name": "Cube",
			"from": [7.8, 9.5, 8.7],
			"to": [8.2, 23.5, 8.8],
			"faces": {
				"north": {"uv": [0, 0, 0.25, 3.5], "texture": "#6"},
				"east": {"uv": [0.25, 0, 0.5, 3.5], "texture": "#6"},
				"south": {"uv": [0.5, 0, 0.75, 3.5], "texture": "#6"},
				"west": {"uv": [0.75, 0, 1, 3.5], "texture": "#6"},
				"up": {"uv": [3.5, 4.75, 3.25, 4.5], "texture": "#6"},
				"down": {"uv": [4.75, 3.25, 4.5, 3.5], "texture": "#6"}
			}
		},
		{
			"name": "Cube",
			"from": [7.9, 9.5, 8.4],
			"to": [8.1, 20, 9.6],
			"faces": {
				"north": {"uv": [2, 0, 2.25, 2.75], "texture": "#6"},
				"east": {"uv": [2.25, 0, 2.5, 2.75], "texture": "#6"},
				"south": {"uv": [2.5, 0, 2.75, 2.75], "texture": "#6"},
				"west": {"uv": [2.75, 0, 3, 2.75], "texture": "#6"},
				"up": {"uv": [3.75, 4.75, 3.5, 4.5], "texture": "#6"},
				"down": {"uv": [4.75, 3.5, 4.5, 3.75], "texture": "#6"}
			}
		},
		{
			"name": "Cube",
			"from": [7.9, 20, 8.5],
			"to": [8.1, 26.5, 9.5],
			"faces": {
				"north": {"uv": [2, 2.75, 2.25, 4.5], "texture": "#6"},
				"east": {"uv": [2.25, 2.75, 2.5, 4.5], "texture": "#6"},
				"south": {"uv": [2.5, 2.75, 2.75, 4.5], "texture": "#6"},
				"west": {"uv": [2.75, 2.75, 3, 4.5], "texture": "#6"},
				"up": {"uv": [4, 4.75, 3.75, 4.5], "texture": "#6"},
				"down": {"uv": [4.75, 3.75, 4.5, 4], "texture": "#6"}
			}
		},
		{
			"name": "Cube",
			"from": [7.9, 26.5, 8.6],
			"to": [8.1, 29.4, 9.4],
			"faces": {
				"north": {"uv": [3.25, 3, 3.5, 3.75], "texture": "#6"},
				"east": {"uv": [0, 3.5, 0.25, 4.25], "texture": "#6"},
				"south": {"uv": [3.5, 0, 3.75, 0.75], "texture": "#6"},
				"west": {"uv": [0.25, 3.5, 0.5, 4.25], "texture": "#6"},
				"up": {"uv": [4.25, 4.75, 4, 4.5], "texture": "#6"},
				"down": {"uv": [4.75, 4, 4.5, 4.25], "texture": "#6"}
			}
		},
		{
			"name": "Cube",
			"from": [7.9, 29.4, 8.7],
			"to": [8.1, 30.8, 9.3],
			"faces": {
				"north": {"uv": [4.25, 4.5, 4.5, 4.75], "texture": "#6"},
				"east": {"uv": [4.5, 4.25, 4.75, 4.5], "texture": "#6"},
				"south": {"uv": [4.5, 4.5, 4.75, 4.75], "texture": "#6"},
				"west": {"uv": [0, 4.75, 0.25, 5], "texture": "#6"},
				"up": {"uv": [5, 0.25, 4.75, 0], "texture": "#6"},
				"down": {"uv": [0.5, 4.75, 0.25, 5], "texture": "#6"}
			}
		},
		{
			"name": "Cube",
			"from": [7.9, 30.8, 8.8],
			"to": [8.1, 31.7, 9.2],
			"faces": {
				"north": {"uv": [4.75, 0.25, 5, 0.5], "texture": "#6"},
				"east": {"uv": [0.5, 4.75, 0.75, 5], "texture": "#6"},
				"south": {"uv": [4.75, 0.5, 5, 0.75], "texture": "#6"},
				"west": {"uv": [0.75, 4.75, 1, 5], "texture": "#6"},
				"up": {"uv": [5, 1, 4.75, 0.75], "texture": "#6"},
				"down": {"uv": [1.25, 4.75, 1, 5], "texture": "#6"}
			}
		},
		{
			"name": "Cube",
			"from": [7.9, 31.7, 8.9],
			"to": [8.1, 32, 9.1],
			"faces": {
				"north": {"uv": [4.75, 1, 5, 1.25], "texture": "#6"},
				"east": {"uv": [1.25, 4.75, 1.5, 5], "texture": "#6"},
				"south": {"uv": [4.75, 1.25, 5, 1.5], "texture": "#6"},
				"west": {"uv": [1.5, 4.75, 1.75, 5], "texture": "#6"},
				"up": {"uv": [5, 1.75, 4.75, 1.5], "texture": "#6"},
				"down": {"uv": [2, 4.75, 1.75, 5], "texture": "#6"}
			}
		},
		{
			"name": "Cube",
			"from": [7.8, 9.5, 9.2],
			"to": [8.2, 23.5, 9.3],
			"faces": {
				"north": {"uv": [1, 0, 1.25, 3.5], "texture": "#6"},
				"east": {"uv": [1.25, 0, 1.5, 3.5], "texture": "#6"},
				"south": {"uv": [1.5, 0, 1.75, 3.5], "texture": "#6"},
				"west": {"uv": [1.75, 0, 2, 3.5], "texture": "#6"},
				"up": {"uv": [5, 2, 4.75, 1.75], "texture": "#6"},
				"down": {"uv": [2.25, 4.75, 2, 5], "texture": "#6"}
			}
		},
		{
			"name": "Cube",
			"from": [7.8, 9.7, 8.8],
			"to": [8.2, 9.8, 8.9],
			"faces": {
				"north": {"uv": [4.75, 2, 5, 2.25], "texture": "#6"},
				"east": {"uv": [2.25, 4.75, 2.5, 5], "texture": "#6"},
				"south": {"uv": [4.75, 2.25, 5, 2.5], "texture": "#6"},
				"west": {"uv": [2.5, 4.75, 2.75, 5], "texture": "#6"},
				"up": {"uv": [5, 2.75, 4.75, 2.5], "texture": "#6"},
				"down": {"uv": [3, 4.75, 2.75, 5], "texture": "#6"}
			}
		},
		{
			"name": "Cube",
			"from": [7.8, 9.7, 9],
			"to": [8.2, 9.8, 9.1],
			"faces": {
				"north": {"uv": [4.75, 2.75, 5, 3], "texture": "#6"},
				"east": {"uv": [3, 4.75, 3.25, 5], "texture": "#6"},
				"south": {"uv": [4.75, 3, 5, 3.25], "texture": "#6"},
				"west": {"uv": [3.25, 4.75, 3.5, 5], "texture": "#6"},
				"up": {"uv": [5, 3.5, 4.75, 3.25], "texture": "#6"},
				"down": {"uv": [3.75, 4.75, 3.5, 5], "texture": "#6"}
			}
		},
		{
			"name": "Cube",
			"from": [7.8, 9.8, 9],
			"to": [8.2, 9.9, 9.1],
			"faces": {
				"north": {"uv": [4.75, 3.5, 5, 3.75], "texture": "#6"},
				"east": {"uv": [3.75, 4.75, 4, 5], "texture": "#6"},
				"south": {"uv": [4.75, 3.75, 5, 4], "texture": "#6"},
				"west": {"uv": [4, 4.75, 4.25, 5], "texture": "#6"},
				"up": {"uv": [5, 4.25, 4.75, 4], "texture": "#6"},
				"down": {"uv": [4.5, 4.75, 4.25, 5], "texture": "#6"}
			}
		},
		{
			"name": "Cube",
			"from": [7.8, 10, 9],
			"to": [8.2, 10.1, 9.1],
			"faces": {
				"north": {"uv": [4.75, 4.25, 5, 4.5], "texture": "#6"},
				"east": {"uv": [4.5, 4.75, 4.75, 5], "texture": "#6"},
				"south": {"uv": [4.75, 4.5, 5, 4.75], "texture": "#6"},
				"west": {"uv": [4.75, 4.75, 5, 5], "texture": "#6"},
				"up": {"uv": [0.25, 5.25, 0, 5], "texture": "#6"},
				"down": {"uv": [5.25, 0, 5, 0.25], "texture": "#6"}
			}
		},
		{
			"name": "Cube",
			"from": [7.8, 10, 8.8],
			"to": [8.2, 10.1, 8.9],
			"faces": {
				"north": {"uv": [0.25, 5, 0.5, 5.25], "texture": "#6"},
				"east": {"uv": [5, 0.25, 5.25, 0.5], "texture": "#6"},
				"south": {"uv": [0.5, 5, 0.75, 5.25], "texture": "#6"},
				"west": {"uv": [5, 0.5, 5.25, 0.75], "texture": "#6"},
				"up": {"uv": [1, 5.25, 0.75, 5], "texture": "#6"},
				"down": {"uv": [5.25, 0.75, 5, 1], "texture": "#6"}
			}
		},
		{
			"name": "Cube",
			"from": [7.8, 10.2, 8.8],
			"to": [8.2, 10.3, 8.9],
			"faces": {
				"north": {"uv": [1, 5, 1.25, 5.25], "texture": "#6"},
				"east": {"uv": [5, 1, 5.25, 1.25], "texture": "#6"},
				"south": {"uv": [1.25, 5, 1.5, 5.25], "texture": "#6"},
				"west": {"uv": [5, 1.25, 5.25, 1.5], "texture": "#6"},
				"up": {"uv": [1.75, 5.25, 1.5, 5], "texture": "#6"},
				"down": {"uv": [5.25, 1.5, 5, 1.75], "texture": "#6"}
			}
		},
		{
			"name": "Cube",
			"from": [7.8, 10.2, 8.9],
			"to": [8.2, 10.3, 9],
			"faces": {
				"north": {"uv": [1.75, 5, 2, 5.25], "texture": "#6"},
				"east": {"uv": [5, 1.75, 5.25, 2], "texture": "#6"},
				"south": {"uv": [2, 5, 2.25, 5.25], "texture": "#6"},
				"west": {"uv": [5, 2, 5.25, 2.25], "texture": "#6"},
				"up": {"uv": [2.5, 5.25, 2.25, 5], "texture": "#6"},
				"down": {"uv": [5.25, 2.25, 5, 2.5], "texture": "#6"}
			}
		},
		{
			"name": "Cube",
			"from": [7.8, 10.2, 9],
			"to": [8.2, 10.3, 9.1],
			"faces": {
				"north": {"uv": [2.5, 5, 2.75, 5.25], "texture": "#6"},
				"east": {"uv": [5, 2.5, 5.25, 2.75], "texture": "#6"},
				"south": {"uv": [2.75, 5, 3, 5.25], "texture": "#6"},
				"west": {"uv": [5, 2.75, 5.25, 3], "texture": "#6"},
				"up": {"uv": [3.25, 5.25, 3, 5], "texture": "#6"},
				"down": {"uv": [5.25, 3, 5, 3.25], "texture": "#6"}
			}
		},
		{
			"name": "Cube",
			"from": [7.8, 10.4, 9],
			"to": [8.2, 10.5, 9.1],
			"faces": {
				"north": {"uv": [3.25, 5, 3.5, 5.25], "texture": "#6"},
				"east": {"uv": [5, 3.25, 5.25, 3.5], "texture": "#6"},
				"south": {"uv": [3.5, 5, 3.75, 5.25], "texture": "#6"},
				"west": {"uv": [5, 3.5, 5.25, 3.75], "texture": "#6"},
				"up": {"uv": [4, 5.25, 3.75, 5], "texture": "#6"},
				"down": {"uv": [5.25, 3.75, 5, 4], "texture": "#6"}
			}
		},
		{
			"name": "Cube",
			"from": [7.8, 10.4, 8.9],
			"to": [8.2, 10.5, 9],
			"faces": {
				"north": {"uv": [4, 5, 4.25, 5.25], "texture": "#6"},
				"east": {"uv": [5, 4, 5.25, 4.25], "texture": "#6"},
				"south": {"uv": [4.25, 5, 4.5, 5.25], "texture": "#6"},
				"west": {"uv": [5, 4.25, 5.25, 4.5], "texture": "#6"},
				"up": {"uv": [4.75, 5.25, 4.5, 5], "texture": "#6"},
				"down": {"uv": [5.25, 4.5, 5, 4.75], "texture": "#6"}
			}
		},
		{
			"name": "Cube",
			"from": [7.8, 10.5, 8.8],
			"to": [8.2, 10.6, 8.9],
			"faces": {
				"north": {"uv": [4.75, 5, 5, 5.25], "texture": "#6"},
				"east": {"uv": [5, 4.75, 5.25, 5], "texture": "#6"},
				"south": {"uv": [5, 5, 5.25, 5.25], "texture": "#6"},
				"west": {"uv": [0, 5.25, 0.25, 5.5], "texture": "#6"},
				"up": {"uv": [5.5, 0.25, 5.25, 0], "texture": "#6"},
				"down": {"uv": [0.5, 5.25, 0.25, 5.5], "texture": "#6"}
			}
		},
		{
			"name": "Cube",
			"from": [7.8, 10.7, 8.8],
			"to": [8.2, 10.8, 8.9],
			"faces": {
				"north": {"uv": [5.25, 0.25, 5.5, 0.5], "texture": "#6"},
				"east": {"uv": [0.5, 5.25, 0.75, 5.5], "texture": "#6"},
				"south": {"uv": [5.25, 0.5, 5.5, 0.75], "texture": "#6"},
				"west": {"uv": [0.75, 5.25, 1, 5.5], "texture": "#6"},
				"up": {"uv": [5.5, 1, 5.25, 0.75], "texture": "#6"},
				"down": {"uv": [1.25, 5.25, 1, 5.5], "texture": "#6"}
			}
		},
		{
			"name": "Cube",
			"from": [7.8, 10.7, 8.9],
			"to": [8.2, 10.8, 9],
			"faces": {
				"north": {"uv": [5.25, 1, 5.5, 1.25], "texture": "#6"},
				"east": {"uv": [1.25, 5.25, 1.5, 5.5], "texture": "#6"},
				"south": {"uv": [5.25, 1.25, 5.5, 1.5], "texture": "#6"},
				"west": {"uv": [1.5, 5.25, 1.75, 5.5], "texture": "#6"},
				"up": {"uv": [5.5, 1.75, 5.25, 1.5], "texture": "#6"},
				"down": {"uv": [2, 5.25, 1.75, 5.5], "texture": "#6"}
			}
		},
		{
			"name": "Cube",
			"from": [7.8, 10.9, 8.9],
			"to": [8.2, 11, 9],
			"faces": {
				"north": {"uv": [5.25, 1.75, 5.5, 2], "texture": "#6"},
				"east": {"uv": [2, 5.25, 2.25, 5.5], "texture": "#6"},
				"south": {"uv": [5.25, 2, 5.5, 2.25], "texture": "#6"},
				"west": {"uv": [2.25, 5.25, 2.5, 5.5], "texture": "#6"},
				"up": {"uv": [5.5, 2.5, 5.25, 2.25], "texture": "#6"},
				"down": {"uv": [2.75, 5.25, 2.5, 5.5], "texture": "#6"}
			}
		},
		{
			"name": "Cube",
			"from": [7.8, 11.1, 8.9],
			"to": [8.2, 11.2, 9],
			"faces": {
				"north": {"uv": [5.25, 2.5, 5.5, 2.75], "texture": "#6"},
				"east": {"uv": [2.75, 5.25, 3, 5.5], "texture": "#6"},
				"south": {"uv": [5.25, 2.75, 5.5, 3], "texture": "#6"},
				"west": {"uv": [3, 5.25, 3.25, 5.5], "texture": "#6"},
				"up": {"uv": [5.5, 3.25, 5.25, 3], "texture": "#6"},
				"down": {"uv": [3.5, 5.25, 3.25, 5.5], "texture": "#6"}
			}
		},
		{
			"name": "Cube",
			"from": [7.8, 11.1, 9],
			"to": [8.2, 11.2, 9.1],
			"faces": {
				"north": {"uv": [5.25, 3.25, 5.5, 3.5], "texture": "#6"},
				"east": {"uv": [3.5, 5.25, 3.75, 5.5], "texture": "#6"},
				"south": {"uv": [5.25, 3.5, 5.5, 3.75], "texture": "#6"},
				"west": {"uv": [3.75, 5.25, 4, 5.5], "texture": "#6"},
				"up": {"uv": [5.5, 4, 5.25, 3.75], "texture": "#6"},
				"down": {"uv": [4.25, 5.25, 4, 5.5], "texture": "#6"}
			}
		},
		{
			"name": "Cube",
			"from": [7.8, 11.3, 9],
			"to": [8.2, 11.4, 9.1],
			"faces": {
				"north": {"uv": [5.25, 4, 5.5, 4.25], "texture": "#6"},
				"east": {"uv": [4.25, 5.25, 4.5, 5.5], "texture": "#6"},
				"south": {"uv": [5.25, 4.25, 5.5, 4.5], "texture": "#6"},
				"west": {"uv": [4.5, 5.25, 4.75, 5.5], "texture": "#6"},
				"up": {"uv": [5.5, 4.75, 5.25, 4.5], "texture": "#6"},
				"down": {"uv": [5, 5.25, 4.75, 5.5], "texture": "#6"}
			}
		},
		{
			"name": "Cube",
			"from": [7.8, 11.4, 9],
			"to": [8.2, 11.5, 9.1],
			"faces": {
				"north": {"uv": [5.25, 4.75, 5.5, 5], "texture": "#6"},
				"east": {"uv": [5, 5.25, 5.25, 5.5], "texture": "#6"},
				"south": {"uv": [5.25, 5, 5.5, 5.25], "texture": "#6"},
				"west": {"uv": [5.25, 5.25, 5.5, 5.5], "texture": "#6"},
				"up": {"uv": [0.25, 5.75, 0, 5.5], "texture": "#6"},
				"down": {"uv": [5.75, 0, 5.5, 0.25], "texture": "#6"}
			}
		},
		{
			"name": "Cube",
			"from": [7.8, 11.3, 8.9],
			"to": [8.2, 11.4, 9],
			"faces": {
				"north": {"uv": [0.25, 5.5, 0.5, 5.75], "texture": "#6"},
				"east": {"uv": [5.5, 0.25, 5.75, 0.5], "texture": "#6"},
				"south": {"uv": [0.5, 5.5, 0.75, 5.75], "texture": "#6"},
				"west": {"uv": [5.5, 0.5, 5.75, 0.75], "texture": "#6"},
				"up": {"uv": [1, 5.75, 0.75, 5.5], "texture": "#6"},
				"down": {"uv": [5.75, 0.75, 5.5, 1], "texture": "#6"}
			}
		},
		{
			"name": "Cube",
			"from": [7.8, 11.3, 8.8],
			"to": [8.2, 11.4, 8.9],
			"faces": {
				"north": {"uv": [1, 5.5, 1.25, 5.75], "texture": "#6"},
				"east": {"uv": [5.5, 1, 5.75, 1.25], "texture": "#6"},
				"south": {"uv": [1.25, 5.5, 1.5, 5.75], "texture": "#6"},
				"west": {"uv": [5.5, 1.25, 5.75, 1.5], "texture": "#6"},
				"up": {"uv": [1.75, 5.75, 1.5, 5.5], "texture": "#6"},
				"down": {"uv": [5.75, 1.5, 5.5, 1.75], "texture": "#6"}
			}
		},
		{
			"name": "Cube",
			"from": [7.8, 11.6, 8.8],
			"to": [8.2, 11.7, 8.9],
			"faces": {
				"north": {"uv": [1.75, 5.5, 2, 5.75], "texture": "#6"},
				"east": {"uv": [5.5, 1.75, 5.75, 2], "texture": "#6"},
				"south": {"uv": [2, 5.5, 2.25, 5.75], "texture": "#6"},
				"west": {"uv": [5.5, 2, 5.75, 2.25], "texture": "#6"},
				"up": {"uv": [2.5, 5.75, 2.25, 5.5], "texture": "#6"},
				"down": {"uv": [5.75, 2.25, 5.5, 2.5], "texture": "#6"}
			}
		},
		{
			"name": "Cube",
			"from": [7.8, 11.6, 9],
			"to": [8.2, 11.7, 9.1],
			"faces": {
				"north": {"uv": [2.5, 5.5, 2.75, 5.75], "texture": "#6"},
				"east": {"uv": [5.5, 2.5, 5.75, 2.75], "texture": "#6"},
				"south": {"uv": [2.75, 5.5, 3, 5.75], "texture": "#6"},
				"west": {"uv": [5.5, 2.75, 5.75, 3], "texture": "#6"},
				"up": {"uv": [3.25, 5.75, 3, 5.5], "texture": "#6"},
				"down": {"uv": [5.75, 3, 5.5, 3.25], "texture": "#6"}
			}
		},
		{
			"name": "Cube",
			"from": [7.8, 11.8, 9],
			"to": [8.2, 11.9, 9.1],
			"faces": {
				"north": {"uv": [3.25, 5.5, 3.5, 5.75], "texture": "#6"},
				"east": {"uv": [5.5, 3.25, 5.75, 3.5], "texture": "#6"},
				"south": {"uv": [3.5, 5.5, 3.75, 5.75], "texture": "#6"},
				"west": {"uv": [5.5, 3.5, 5.75, 3.75], "texture": "#6"},
				"up": {"uv": [4, 5.75, 3.75, 5.5], "texture": "#6"},
				"down": {"uv": [5.75, 3.75, 5.5, 4], "texture": "#6"}
			}
		},
		{
			"name": "Cube",
			"from": [7.8, 12, 9],
			"to": [8.2, 12.1, 9.1],
			"faces": {
				"north": {"uv": [4, 5.5, 4.25, 5.75], "texture": "#6"},
				"east": {"uv": [5.5, 4, 5.75, 4.25], "texture": "#6"},
				"south": {"uv": [4.25, 5.5, 4.5, 5.75], "texture": "#6"},
				"west": {"uv": [5.5, 4.25, 5.75, 4.5], "texture": "#6"},
				"up": {"uv": [4.75, 5.75, 4.5, 5.5], "texture": "#6"},
				"down": {"uv": [5.75, 4.5, 5.5, 4.75], "texture": "#6"}
			}
		},
		{
			"name": "Cube",
			"from": [7.8, 12, 8.9],
			"to": [8.2, 12.1, 9],
			"faces": {
				"north": {"uv": [4.75, 5.5, 5, 5.75], "texture": "#6"},
				"east": {"uv": [5.5, 4.75, 5.75, 5], "texture": "#6"},
				"south": {"uv": [5, 5.5, 5.25, 5.75], "texture": "#6"},
				"west": {"uv": [5.5, 5, 5.75, 5.25], "texture": "#6"},
				"up": {"uv": [5.5, 5.75, 5.25, 5.5], "texture": "#6"},
				"down": {"uv": [5.75, 5.25, 5.5, 5.5], "texture": "#6"}
			}
		},
		{
			"name": "Cube",
			"from": [7.8, 12, 8.8],
			"to": [8.2, 12.1, 8.9],
			"faces": {
				"north": {"uv": [5.5, 5.5, 5.75, 5.75], "texture": "#6"},
				"east": {"uv": [0, 5.75, 0.25, 6], "texture": "#6"},
				"south": {"uv": [5.75, 0, 6, 0.25], "texture": "#6"},
				"west": {"uv": [0.25, 5.75, 0.5, 6], "texture": "#6"},
				"up": {"uv": [6, 0.5, 5.75, 0.25], "texture": "#6"},
				"down": {"uv": [0.75, 5.75, 0.5, 6], "texture": "#6"}
			}
		},
		{
			"name": "Cube",
			"from": [7.8, 12.2, 8.8],
			"to": [8.2, 12.3, 8.9],
			"faces": {
				"north": {"uv": [5.75, 0.5, 6, 0.75], "texture": "#6"},
				"east": {"uv": [0.75, 5.75, 1, 6], "texture": "#6"},
				"south": {"uv": [5.75, 0.75, 6, 1], "texture": "#6"},
				"west": {"uv": [1, 5.75, 1.25, 6], "texture": "#6"},
				"up": {"uv": [6, 1.25, 5.75, 1], "texture": "#6"},
				"down": {"uv": [1.5, 5.75, 1.25, 6], "texture": "#6"}
			}
		},
		{
			"name": "Cube",
			"from": [7.8, 12.2, 8.9],
			"to": [8.2, 12.3, 9],
			"faces": {
				"north": {"uv": [5.75, 1.25, 6, 1.5], "texture": "#6"},
				"east": {"uv": [1.5, 5.75, 1.75, 6], "texture": "#6"},
				"south": {"uv": [5.75, 1.5, 6, 1.75], "texture": "#6"},
				"west": {"uv": [1.75, 5.75, 2, 6], "texture": "#6"},
				"up": {"uv": [6, 2, 5.75, 1.75], "texture": "#6"},
				"down": {"uv": [2.25, 5.75, 2, 6], "texture": "#6"}
			}
		},
		{
			"name": "Cube",
			"from": [7.8, 12.4, 8.8],
			"to": [8.2, 12.5, 8.9],
			"faces": {
				"north": {"uv": [5.75, 2, 6, 2.25], "texture": "#6"},
				"east": {"uv": [2.25, 5.75, 2.5, 6], "texture": "#6"},
				"south": {"uv": [5.75, 2.25, 6, 2.5], "texture": "#6"},
				"west": {"uv": [2.5, 5.75, 2.75, 6], "texture": "#6"},
				"up": {"uv": [6, 2.75, 5.75, 2.5], "texture": "#6"},
				"down": {"uv": [3, 5.75, 2.75, 6], "texture": "#6"}
			}
		},
		{
			"name": "Cube",
			"from": [7.8, 12.4, 9],
			"to": [8.2, 12.5, 9.1],
			"faces": {
				"north": {"uv": [5.75, 2.75, 6, 3], "texture": "#6"},
				"east": {"uv": [3, 5.75, 3.25, 6], "texture": "#6"},
				"south": {"uv": [5.75, 3, 6, 3.25], "texture": "#6"},
				"west": {"uv": [3.25, 5.75, 3.5, 6], "texture": "#6"},
				"up": {"uv": [6, 3.5, 5.75, 3.25], "texture": "#6"},
				"down": {"uv": [3.75, 5.75, 3.5, 6], "texture": "#6"}
			}
		},
		{
			"name": "Cube",
			"from": [7.8, 12.5, 9],
			"to": [8.2, 12.6, 9.1],
			"faces": {
				"north": {"uv": [5.75, 3.5, 6, 3.75], "texture": "#6"},
				"east": {"uv": [3.75, 5.75, 4, 6], "texture": "#6"},
				"south": {"uv": [5.75, 3.75, 6, 4], "texture": "#6"},
				"west": {"uv": [4, 5.75, 4.25, 6], "texture": "#6"},
				"up": {"uv": [6, 4.25, 5.75, 4], "texture": "#6"},
				"down": {"uv": [4.5, 5.75, 4.25, 6], "texture": "#6"}
			}
		},
		{
			"name": "Cube",
			"from": [7.8, 12.7, 9],
			"to": [8.2, 12.8, 9.1],
			"faces": {
				"north": {"uv": [5.75, 4.25, 6, 4.5], "texture": "#6"},
				"east": {"uv": [4.5, 5.75, 4.75, 6], "texture": "#6"},
				"south": {"uv": [5.75, 4.5, 6, 4.75], "texture": "#6"},
				"west": {"uv": [4.75, 5.75, 5, 6], "texture": "#6"},
				"up": {"uv": [6, 5, 5.75, 4.75], "texture": "#6"},
				"down": {"uv": [5.25, 5.75, 5, 6], "texture": "#6"}
			}
		},
		{
			"name": "Cube",
			"from": [7.8, 12.7, 8.8],
			"to": [8.2, 12.8, 8.9],
			"faces": {
				"north": {"uv": [5.75, 5, 6, 5.25], "texture": "#6"},
				"east": {"uv": [5.25, 5.75, 5.5, 6], "texture": "#6"},
				"south": {"uv": [5.75, 5.25, 6, 5.5], "texture": "#6"},
				"west": {"uv": [5.5, 5.75, 5.75, 6], "texture": "#6"},
				"up": {"uv": [6, 5.75, 5.75, 5.5], "texture": "#6"},
				"down": {"uv": [6, 5.75, 5.75, 6], "texture": "#6"}
			}
		},
		{
			"name": "Cube",
			"from": [7.8, 12.9, 8.8],
			"to": [8.2, 13, 8.9],
			"faces": {
				"north": {"uv": [0, 6, 0.25, 6.25], "texture": "#6"},
				"east": {"uv": [6, 0, 6.25, 0.25], "texture": "#6"},
				"south": {"uv": [0.25, 6, 0.5, 6.25], "texture": "#6"},
				"west": {"uv": [6, 0.25, 6.25, 0.5], "texture": "#6"},
				"up": {"uv": [0.75, 6.25, 0.5, 6], "texture": "#6"},
				"down": {"uv": [6.25, 0.5, 6, 0.75], "texture": "#6"}
			}
		},
		{
			"name": "Cube",
			"from": [7.8, 13.1, 8.9],
			"to": [8.2, 13.2, 9],
			"faces": {
				"north": {"uv": [0.75, 6, 1, 6.25], "texture": "#6"},
				"east": {"uv": [6, 0.75, 6.25, 1], "texture": "#6"},
				"south": {"uv": [1, 6, 1.25, 6.25], "texture": "#6"},
				"west": {"uv": [6, 1, 6.25, 1.25], "texture": "#6"},
				"up": {"uv": [1.5, 6.25, 1.25, 6], "texture": "#6"},
				"down": {"uv": [6.25, 1.25, 6, 1.5], "texture": "#6"}
			}
		},
		{
			"name": "Cube",
			"from": [7.8, 13.1, 9],
			"to": [8.2, 13.2, 9.1],
			"faces": {
				"north": {"uv": [1.5, 6, 1.75, 6.25], "texture": "#6"},
				"east": {"uv": [6, 1.5, 6.25, 1.75], "texture": "#6"},
				"south": {"uv": [1.75, 6, 2, 6.25], "texture": "#6"},
				"west": {"uv": [6, 1.75, 6.25, 2], "texture": "#6"},
				"up": {"uv": [2.25, 6.25, 2, 6], "texture": "#6"},
				"down": {"uv": [6.25, 2, 6, 2.25], "texture": "#6"}
			}
		},
		{
			"name": "Cube",
			"from": [7.8, 13.3, 9],
			"to": [8.2, 13.4, 9.1],
			"faces": {
				"north": {"uv": [2.25, 6, 2.5, 6.25], "texture": "#6"},
				"east": {"uv": [6, 2.25, 6.25, 2.5], "texture": "#6"},
				"south": {"uv": [2.5, 6, 2.75, 6.25], "texture": "#6"},
				"west": {"uv": [6, 2.5, 6.25, 2.75], "texture": "#6"},
				"up": {"uv": [3, 6.25, 2.75, 6], "texture": "#6"},
				"down": {"uv": [6.25, 2.75, 6, 3], "texture": "#6"}
			}
		},
		{
			"name": "Cube",
			"from": [7.8, 13.3, 8.9],
			"to": [8.2, 13.4, 9],
			"faces": {
				"north": {"uv": [3, 6, 3.25, 6.25], "texture": "#6"},
				"east": {"uv": [6, 3, 6.25, 3.25], "texture": "#6"},
				"south": {"uv": [3.25, 6, 3.5, 6.25], "texture": "#6"},
				"west": {"uv": [6, 3.25, 6.25, 3.5], "texture": "#6"},
				"up": {"uv": [3.75, 6.25, 3.5, 6], "texture": "#6"},
				"down": {"uv": [6.25, 3.5, 6, 3.75], "texture": "#6"}
			}
		},
		{
			"name": "Cube",
			"from": [7.8, 13.3, 8.8],
			"to": [8.2, 13.4, 8.9],
			"faces": {
				"north": {"uv": [3.75, 6, 4, 6.25], "texture": "#6"},
				"east": {"uv": [6, 3.75, 6.25, 4], "texture": "#6"},
				"south": {"uv": [4, 6, 4.25, 6.25], "texture": "#6"},
				"west": {"uv": [6, 4, 6.25, 4.25], "texture": "#6"},
				"up": {"uv": [4.5, 6.25, 4.25, 6], "texture": "#6"},
				"down": {"uv": [6.25, 4.25, 6, 4.5], "texture": "#6"}
			}
		},
		{
			"name": "Cube",
			"from": [7.8, 13.5, 8.8],
			"to": [8.2, 13.6, 8.9],
			"faces": {
				"north": {"uv": [4.5, 6, 4.75, 6.25], "texture": "#6"},
				"east": {"uv": [6, 4.5, 6.25, 4.75], "texture": "#6"},
				"south": {"uv": [4.75, 6, 5, 6.25], "texture": "#6"},
				"west": {"uv": [6, 4.75, 6.25, 5], "texture": "#6"},
				"up": {"uv": [5.25, 6.25, 5, 6], "texture": "#6"},
				"down": {"uv": [6.25, 5, 6, 5.25], "texture": "#6"}
			}
		},
		{
			"name": "Cube",
			"from": [7.8, 13.5, 8.9],
			"to": [8.2, 13.6, 9],
			"faces": {
				"north": {"uv": [5.25, 6, 5.5, 6.25], "texture": "#6"},
				"east": {"uv": [6, 5.25, 6.25, 5.5], "texture": "#6"},
				"south": {"uv": [5.5, 6, 5.75, 6.25], "texture": "#6"},
				"west": {"uv": [6, 5.5, 6.25, 5.75], "texture": "#6"},
				"up": {"uv": [6, 6.25, 5.75, 6], "texture": "#6"},
				"down": {"uv": [6.25, 5.75, 6, 6], "texture": "#6"}
			}
		},
		{
			"name": "Cube",
			"from": [7.8, 13.8, 8.9],
			"to": [8.2, 13.9, 9],
			"faces": {
				"north": {"uv": [6, 6, 6.25, 6.25], "texture": "#6"},
				"east": {"uv": [0, 6.25, 0.25, 6.5], "texture": "#6"},
				"south": {"uv": [6.25, 0, 6.5, 0.25], "texture": "#6"},
				"west": {"uv": [0.25, 6.25, 0.5, 6.5], "texture": "#6"},
				"up": {"uv": [6.5, 0.5, 6.25, 0.25], "texture": "#6"},
				"down": {"uv": [0.75, 6.25, 0.5, 6.5], "texture": "#6"}
			}
		},
		{
			"name": "Cube",
			"from": [7.8, 13.6, 9],
			"to": [8.2, 13.7, 9.1],
			"faces": {
				"north": {"uv": [6.25, 0.5, 6.5, 0.75], "texture": "#6"},
				"east": {"uv": [0.75, 6.25, 1, 6.5], "texture": "#6"},
				"south": {"uv": [6.25, 0.75, 6.5, 1], "texture": "#6"},
				"west": {"uv": [1, 6.25, 1.25, 6.5], "texture": "#6"},
				"up": {"uv": [6.5, 1.25, 6.25, 1], "texture": "#6"},
				"down": {"uv": [1.5, 6.25, 1.25, 6.5], "texture": "#6"}
			}
		},
		{
			"name": "Cube",
			"from": [7.8, 14, 8.9],
			"to": [8.2, 14.1, 9],
			"faces": {
				"north": {"uv": [6.25, 1.25, 6.5, 1.5], "texture": "#6"},
				"east": {"uv": [1.5, 6.25, 1.75, 6.5], "texture": "#6"},
				"south": {"uv": [6.25, 1.5, 6.5, 1.75], "texture": "#6"},
				"west": {"uv": [1.75, 6.25, 2, 6.5], "texture": "#6"},
				"up": {"uv": [6.5, 2, 6.25, 1.75], "texture": "#6"},
				"down": {"uv": [2.25, 6.25, 2, 6.5], "texture": "#6"}
			}
		},
		{
			"name": "Cube",
			"from": [7.8, 14.2, 8.8],
			"to": [8.2, 14.3, 8.9],
			"faces": {
				"north": {"uv": [6.25, 2, 6.5, 2.25], "texture": "#6"},
				"east": {"uv": [2.25, 6.25, 2.5, 6.5], "texture": "#6"},
				"south": {"uv": [6.25, 2.25, 6.5, 2.5], "texture": "#6"},
				"west": {"uv": [2.5, 6.25, 2.75, 6.5], "texture": "#6"},
				"up": {"uv": [6.5, 2.75, 6.25, 2.5], "texture": "#6"},
				"down": {"uv": [3, 6.25, 2.75, 6.5], "texture": "#6"}
			}
		},
		{
			"name": "Cube",
			"from": [7.8, 14.3, 8.9],
			"to": [8.2, 14.4, 9],
			"faces": {
				"north": {"uv": [6.25, 2.75, 6.5, 3], "texture": "#6"},
				"east": {"uv": [3, 6.25, 3.25, 6.5], "texture": "#6"},
				"south": {"uv": [6.25, 3, 6.5, 3.25], "texture": "#6"},
				"west": {"uv": [3.25, 6.25, 3.5, 6.5], "texture": "#6"},
				"up": {"uv": [6.5, 3.5, 6.25, 3.25], "texture": "#6"},
				"down": {"uv": [3.75, 6.25, 3.5, 6.5], "texture": "#6"}
			}
		},
		{
			"name": "Cube",
			"from": [7.8, 14.5, 8.8],
			"to": [8.2, 14.6, 8.9],
			"faces": {
				"north": {"uv": [6.25, 3.5, 6.5, 3.75], "texture": "#6"},
				"east": {"uv": [3.75, 6.25, 4, 6.5], "texture": "#6"},
				"south": {"uv": [6.25, 3.75, 6.5, 4], "texture": "#6"},
				"west": {"uv": [4, 6.25, 4.25, 6.5], "texture": "#6"},
				"up": {"uv": [6.5, 4.25, 6.25, 4], "texture": "#6"},
				"down": {"uv": [4.5, 6.25, 4.25, 6.5], "texture": "#6"}
			}
		},
		{
			"name": "Cube",
			"from": [7.8, 14.6, 8.9],
			"to": [8.2, 14.7, 9],
			"faces": {
				"north": {"uv": [6.25, 4.25, 6.5, 4.5], "texture": "#6"},
				"east": {"uv": [4.5, 6.25, 4.75, 6.5], "texture": "#6"},
				"south": {"uv": [6.25, 4.5, 6.5, 4.75], "texture": "#6"},
				"west": {"uv": [4.75, 6.25, 5, 6.5], "texture": "#6"},
				"up": {"uv": [6.5, 5, 6.25, 4.75], "texture": "#6"},
				"down": {"uv": [5.25, 6.25, 5, 6.5], "texture": "#6"}
			}
		},
		{
			"name": "Cube",
			"from": [7.8, 14.8, 8.8],
			"to": [8.2, 14.9, 8.9],
			"faces": {
				"north": {"uv": [6.25, 5, 6.5, 5.25], "texture": "#6"},
				"east": {"uv": [5.25, 6.25, 5.5, 6.5], "texture": "#6"},
				"south": {"uv": [6.25, 5.25, 6.5, 5.5], "texture": "#6"},
				"west": {"uv": [5.5, 6.25, 5.75, 6.5], "texture": "#6"},
				"up": {"uv": [6.5, 5.75, 6.25, 5.5], "texture": "#6"},
				"down": {"uv": [6, 6.25, 5.75, 6.5], "texture": "#6"}
			}
		},
		{
			"name": "Cube",
			"from": [7.8, 14.8, 9],
			"to": [8.2, 14.9, 9.1],
			"faces": {
				"north": {"uv": [6.25, 5.75, 6.5, 6], "texture": "#6"},
				"east": {"uv": [6, 6.25, 6.25, 6.5], "texture": "#6"},
				"south": {"uv": [6.25, 6, 6.5, 6.25], "texture": "#6"},
				"west": {"uv": [6.25, 6.25, 6.5, 6.5], "texture": "#6"},
				"up": {"uv": [0.25, 6.75, 0, 6.5], "texture": "#6"},
				"down": {"uv": [6.75, 0, 6.5, 0.25], "texture": "#6"}
			}
		},
		{
			"name": "Cube",
			"from": [7.8, 15, 9.1],
			"to": [8.2, 15.1, 9.2],
			"faces": {
				"north": {"uv": [0.25, 6.5, 0.5, 6.75], "texture": "#6"},
				"east": {"uv": [6.5, 0.25, 6.75, 0.5], "texture": "#6"},
				"south": {"uv": [0.5, 6.5, 0.75, 6.75], "texture": "#6"},
				"west": {"uv": [6.5, 0.5, 6.75, 0.75], "texture": "#6"},
				"up": {"uv": [1, 6.75, 0.75, 6.5], "texture": "#6"},
				"down": {"uv": [6.75, 0.75, 6.5, 1], "texture": "#6"}
			}
		},
		{
			"name": "Cube",
			"from": [7.8, 15, 9],
			"to": [8.2, 15.1, 9.1],
			"faces": {
				"north": {"uv": [1, 6.5, 1.25, 6.75], "texture": "#6"},
				"east": {"uv": [6.5, 1, 6.75, 1.25], "texture": "#6"},
				"south": {"uv": [1.25, 6.5, 1.5, 6.75], "texture": "#6"},
				"west": {"uv": [6.5, 1.25, 6.75, 1.5], "texture": "#6"},
				"up": {"uv": [1.75, 6.75, 1.5, 6.5], "texture": "#6"},
				"down": {"uv": [6.75, 1.5, 6.5, 1.75], "texture": "#6"}
			}
		},
		{
			"name": "Cube",
			"from": [7.8, 15, 8.8],
			"to": [8.2, 15.1, 8.9],
			"faces": {
				"north": {"uv": [1.75, 6.5, 2, 6.75], "texture": "#6"},
				"east": {"uv": [6.5, 1.75, 6.75, 2], "texture": "#6"},
				"south": {"uv": [2, 6.5, 2.25, 6.75], "texture": "#6"},
				"west": {"uv": [6.5, 2, 6.75, 2.25], "texture": "#6"},
				"up": {"uv": [2.5, 6.75, 2.25, 6.5], "texture": "#6"},
				"down": {"uv": [6.75, 2.25, 6.5, 2.5], "texture": "#6"}
			}
		},
		{
			"name": "Cube",
			"from": [7.8, 15.2, 9],
			"to": [8.2, 15.3, 9.1],
			"faces": {
				"north": {"uv": [2.5, 6.5, 2.75, 6.75], "texture": "#6"},
				"east": {"uv": [6.5, 2.5, 6.75, 2.75], "texture": "#6"},
				"south": {"uv": [2.75, 6.5, 3, 6.75], "texture": "#6"},
				"west": {"uv": [6.5, 2.75, 6.75, 3], "texture": "#6"},
				"up": {"uv": [3.25, 6.75, 3, 6.5], "texture": "#6"},
				"down": {"uv": [6.75, 3, 6.5, 3.25], "texture": "#6"}
			}
		},
		{
			"name": "Cube",
			"from": [7.8, 15.2, 8.9],
			"to": [8.2, 15.3, 9],
			"faces": {
				"north": {"uv": [3.25, 6.5, 3.5, 6.75], "texture": "#6"},
				"east": {"uv": [6.5, 3.25, 6.75, 3.5], "texture": "#6"},
				"south": {"uv": [3.5, 6.5, 3.75, 6.75], "texture": "#6"},
				"west": {"uv": [6.5, 3.5, 6.75, 3.75], "texture": "#6"},
				"up": {"uv": [4, 6.75, 3.75, 6.5], "texture": "#6"},
				"down": {"uv": [6.75, 3.75, 6.5, 4], "texture": "#6"}
			}
		},
		{
			"name": "Cube",
			"from": [7.8, 15.5, 8.9],
			"to": [8.2, 15.6, 9],
			"faces": {
				"north": {"uv": [4, 6.5, 4.25, 6.75], "texture": "#6"},
				"east": {"uv": [6.5, 4, 6.75, 4.25], "texture": "#6"},
				"south": {"uv": [4.25, 6.5, 4.5, 6.75], "texture": "#6"},
				"west": {"uv": [6.5, 4.25, 6.75, 4.5], "texture": "#6"},
				"up": {"uv": [4.75, 6.75, 4.5, 6.5], "texture": "#6"},
				"down": {"uv": [6.75, 4.5, 6.5, 4.75], "texture": "#6"}
			}
		},
		{
			"name": "Cube",
			"from": [7.8, 15.4, 9],
			"to": [8.2, 15.5, 9.1],
			"faces": {
				"north": {"uv": [4.75, 6.5, 5, 6.75], "texture": "#6"},
				"east": {"uv": [6.5, 4.75, 6.75, 5], "texture": "#6"},
				"south": {"uv": [5, 6.5, 5.25, 6.75], "texture": "#6"},
				"west": {"uv": [6.5, 5, 6.75, 5.25], "texture": "#6"},
				"up": {"uv": [5.5, 6.75, 5.25, 6.5], "texture": "#6"},
				"down": {"uv": [6.75, 5.25, 6.5, 5.5], "texture": "#6"}
			}
		},
		{
			"name": "Cube",
			"from": [7.8, 15.7, 9],
			"to": [8.2, 15.8, 9.1],
			"faces": {
				"north": {"uv": [5.5, 6.5, 5.75, 6.75], "texture": "#6"},
				"east": {"uv": [6.5, 5.5, 6.75, 5.75], "texture": "#6"},
				"south": {"uv": [5.75, 6.5, 6, 6.75], "texture": "#6"},
				"west": {"uv": [6.5, 5.75, 6.75, 6], "texture": "#6"},
				"up": {"uv": [6.25, 6.75, 6, 6.5], "texture": "#6"},
				"down": {"uv": [6.75, 6, 6.5, 6.25], "texture": "#6"}
			}
		},
		{
			"name": "Cube",
			"from": [7.8, 8.9, 9.9],
			"to": [8.2, 9.1, 11.2],
			"faces": {
				"north": {"uv": [6.25, 6.5, 6.5, 6.75], "texture": "#6"},
				"east": {"uv": [6.5, 6.25, 6.75, 6.5], "texture": "#6"},
				"south": {"uv": [6.5, 6.5, 6.75, 6.75], "texture": "#6"},
				"west": {"uv": [0, 6.75, 0.25, 7], "texture": "#6"},
				"up": {"uv": [7, 0.25, 6.75, 0], "texture": "#6"},
				"down": {"uv": [0.5, 6.75, 0.25, 7], "texture": "#6"}
			}
		},
		{
			"name": "Cube",
			"from": [7.9, 9, 11.2],
			"to": [8.1, 9.2, 12.1],
			"faces": {
				"north": {"uv": [6.75, 0.25, 7, 0.5], "texture": "#6"},
				"east": {"uv": [0.5, 6.75, 0.75, 7], "texture": "#6"},
				"south": {"uv": [6.75, 0.5, 7, 0.75], "texture": "#6"},
				"west": {"uv": [0.75, 6.75, 1, 7], "texture": "#6"},
				"up": {"uv": [7, 1, 6.75, 0.75], "texture": "#6"},
				"down": {"uv": [1.25, 6.75, 1, 7], "texture": "#6"}
			}
		},
		{
			"name": "Cube",
			"from": [7.9, 9.1, 12.1],
			"to": [8.1, 9.3, 12.7],
			"faces": {
				"north": {"uv": [6.75, 1, 7, 1.25], "texture": "#6"},
				"east": {"uv": [1.25, 6.75, 1.5, 7], "texture": "#6"},
				"south": {"uv": [6.75, 1.25, 7, 1.5], "texture": "#6"},
				"west": {"uv": [1.5, 6.75, 1.75, 7], "texture": "#6"},
				"up": {"uv": [7, 1.75, 6.75, 1.5], "texture": "#6"},
				"down": {"uv": [2, 6.75, 1.75, 7], "texture": "#6"}
			}
		},
		{
			"name": "Cube",
			"from": [7.9, 9.2, 12.7],
			"to": [8.1, 9.4, 12.8],
			"faces": {
				"north": {"uv": [6.75, 1.75, 7, 2], "texture": "#6"},
				"east": {"uv": [2, 6.75, 2.25, 7], "texture": "#6"},
				"south": {"uv": [6.75, 2, 7, 2.25], "texture": "#6"},
				"west": {"uv": [2.25, 6.75, 2.5, 7], "texture": "#6"},
				"up": {"uv": [7, 2.5, 6.75, 2.25], "texture": "#6"},
				"down": {"uv": [2.75, 6.75, 2.5, 7], "texture": "#6"}
			}
		},
		{
			"name": "Cube",
			"from": [7.9, 9.3, 12.8],
			"to": [8.1, 9.8, 12.9],
			"faces": {
				"north": {"uv": [6.75, 2.5, 7, 2.75], "texture": "#6"},
				"east": {"uv": [2.75, 6.75, 3, 7], "texture": "#6"},
				"south": {"uv": [6.75, 2.75, 7, 3], "texture": "#6"},
				"west": {"uv": [3, 6.75, 3.25, 7], "texture": "#6"},
				"up": {"uv": [7, 3.25, 6.75, 3], "texture": "#6"},
				"down": {"uv": [3.5, 6.75, 3.25, 7], "texture": "#6"}
			}
		},
		{
			"name": "Cube",
			"from": [7.8, 8.9, 6.9],
			"to": [8.2, 9.1, 8.2],
			"faces": {
				"north": {"uv": [6.75, 3.25, 7, 3.5], "texture": "#6"},
				"east": {"uv": [3.5, 6.75, 3.75, 7], "texture": "#6"},
				"south": {"uv": [6.75, 3.5, 7, 3.75], "texture": "#6"},
				"west": {"uv": [3.75, 6.75, 4, 7], "texture": "#6"},
				"up": {"uv": [7, 4, 6.75, 3.75], "texture": "#6"},
				"down": {"uv": [4.25, 6.75, 4, 7], "texture": "#6"}
			}
		},
		{
			"name": "Cube",
			"from": [7.9, 9, 6],
			"to": [8.1, 9.2, 6.9],
			"faces": {
				"north": {"uv": [6.75, 4, 7, 4.25], "texture": "#6"},
				"east": {"uv": [4.25, 6.75, 4.5, 7], "texture": "#6"},
				"south": {"uv": [6.75, 4.25, 7, 4.5], "texture": "#6"},
				"west": {"uv": [4.5, 6.75, 4.75, 7], "texture": "#6"},
				"up": {"uv": [7, 4.75, 6.75, 4.5], "texture": "#6"},
				"down": {"uv": [5, 6.75, 4.75, 7], "texture": "#6"}
			}
		},
		{
			"name": "Cube",
			"from": [7.9, 9.1, 5.4],
			"to": [8.1, 9.3, 6],
			"faces": {
				"north": {"uv": [6.75, 4.75, 7, 5], "texture": "#6"},
				"east": {"uv": [5, 6.75, 5.25, 7], "texture": "#6"},
				"south": {"uv": [6.75, 5, 7, 5.25], "texture": "#6"},
				"west": {"uv": [5.25, 6.75, 5.5, 7], "texture": "#6"},
				"up": {"uv": [7, 5.5, 6.75, 5.25], "texture": "#6"},
				"down": {"uv": [5.75, 6.75, 5.5, 7], "texture": "#6"}
			}
		},
		{
			"name": "Cube",
			"from": [7.9, 9.2, 5.3],
			"to": [8.1, 9.4, 5.4],
			"faces": {
				"north": {"uv": [6.75, 5.5, 7, 5.75], "texture": "#6"},
				"east": {"uv": [5.75, 6.75, 6, 7], "texture": "#6"},
				"south": {"uv": [6.75, 5.75, 7, 6], "texture": "#6"},
				"west": {"uv": [6, 6.75, 6.25, 7], "texture": "#6"},
				"up": {"uv": [7, 6.25, 6.75, 6], "texture": "#6"},
				"down": {"uv": [6.5, 6.75, 6.25, 7], "texture": "#6"}
			}
		},
		{
			"name": "Cube",
			"from": [7.9, 9.3, 5.2],
			"to": [8.1, 9.8, 5.3],
			"faces": {
				"north": {"uv": [6.75, 6.25, 7, 6.5], "texture": "#6"},
				"east": {"uv": [6.5, 6.75, 6.75, 7], "texture": "#6"},
				"south": {"uv": [6.75, 6.5, 7, 6.75], "texture": "#6"},
				"west": {"uv": [6.75, 6.75, 7, 7], "texture": "#6"},
				"up": {"uv": [0.25, 7.25, 0, 7], "texture": "#6"},
				"down": {"uv": [7.25, 0, 7, 0.25], "texture": "#6"}
			}
		},
		{
			"name": "Cube",
			"from": [7.7, 9.6, 9.9],
			"to": [8.3, 9.8, 10.1],
			"faces": {
				"north": {"uv": [0.25, 7, 0.5, 7.25], "texture": "#6"},
				"east": {"uv": [7, 0.25, 7.25, 0.5], "texture": "#6"},
				"south": {"uv": [0.5, 7, 0.75, 7.25], "texture": "#6"},
				"west": {"uv": [7, 0.5, 7.25, 0.75], "texture": "#6"},
				"up": {"uv": [1, 7.25, 0.75, 7], "texture": "#6"},
				"down": {"uv": [7.25, 0.75, 7, 1], "texture": "#6"}
			}
		},
		{
			"name": "Cube",
			"from": [7.7, 9.7, 10.1],
			"to": [8.3, 9.9, 10.8],
			"faces": {
				"north": {"uv": [1, 7, 1.25, 7.25], "texture": "#6"},
				"east": {"uv": [7, 1, 7.25, 1.25], "texture": "#6"},
				"south": {"uv": [1.25, 7, 1.5, 7.25], "texture": "#6"},
				"west": {"uv": [7, 1.25, 7.25, 1.5], "texture": "#6"},
				"up": {"uv": [1.75, 7.25, 1.5, 7], "texture": "#6"},
				"down": {"uv": [7.25, 1.5, 7, 1.75], "texture": "#6"}
			}
		},
		{
			"name": "Cube",
			"from": [7.8, 9.8, 10.8],
			"to": [8.2, 10, 11.5],
			"faces": {
				"north": {"uv": [1.75, 7, 2, 7.25], "texture": "#6"},
				"east": {"uv": [7, 1.75, 7.25, 2], "texture": "#6"},
				"south": {"uv": [2, 7, 2.25, 7.25], "texture": "#6"},
				"west": {"uv": [7, 2, 7.25, 2.25], "texture": "#6"},
				"up": {"uv": [2.5, 7.25, 2.25, 7], "texture": "#6"},
				"down": {"uv": [7.25, 2.25, 7, 2.5], "texture": "#6"}
			}
		},
		{
			"name": "Cube",
			"from": [7.9, 9.9, 11.5],
			"to": [8.1, 10.1, 11.7],
			"faces": {
				"north": {"uv": [2.5, 7, 2.75, 7.25], "texture": "#6"},
				"east": {"uv": [7, 2.5, 7.25, 2.75], "texture": "#6"},
				"south": {"uv": [2.75, 7, 3, 7.25], "texture": "#6"},
				"west": {"uv": [7, 2.75, 7.25, 3], "texture": "#6"},
				"up": {"uv": [3.25, 7.25, 3, 7], "texture": "#6"},
				"down": {"uv": [7.25, 3, 7, 3.25], "texture": "#6"}
			}
		},
		{
			"name": "Cube",
			"from": [7.9, 10, 11.7],
			"to": [8.1, 10.8, 11.9],
			"faces": {
				"north": {"uv": [3.25, 7, 3.5, 7.25], "texture": "#6"},
				"east": {"uv": [7, 3.25, 7.25, 3.5], "texture": "#6"},
				"south": {"uv": [3.5, 7, 3.75, 7.25], "texture": "#6"},
				"west": {"uv": [7, 3.5, 7.25, 3.75], "texture": "#6"},
				"up": {"uv": [4, 7.25, 3.75, 7], "texture": "#6"},
				"down": {"uv": [7.25, 3.75, 7, 4], "texture": "#6"}
			}
		},
		{
			"name": "Cube",
			"from": [7.7, 9.6, 7.9],
			"to": [8.3, 9.8, 8.1],
			"faces": {
				"north": {"uv": [4, 7, 4.25, 7.25], "texture": "#6"},
				"east": {"uv": [7, 4, 7.25, 4.25], "texture": "#6"},
				"south": {"uv": [4.25, 7, 4.5, 7.25], "texture": "#6"},
				"west": {"uv": [7, 4.25, 7.25, 4.5], "texture": "#6"},
				"up": {"uv": [4.75, 7.25, 4.5, 7], "texture": "#6"},
				"down": {"uv": [7.25, 4.5, 7, 4.75], "texture": "#6"}
			}
		},
		{
			"name": "Cube",
			"from": [7.7, 9.7, 7.2],
			"to": [8.3, 9.9, 7.9],
			"faces": {
				"north": {"uv": [4.75, 7, 5, 7.25], "texture": "#6"},
				"east": {"uv": [7, 4.75, 7.25, 5], "texture": "#6"},
				"south": {"uv": [5, 7, 5.25, 7.25], "texture": "#6"},
				"west": {"uv": [7, 5, 7.25, 5.25], "texture": "#6"},
				"up": {"uv": [5.5, 7.25, 5.25, 7], "texture": "#6"},
				"down": {"uv": [7.25, 5.25, 7, 5.5], "texture": "#6"}
			}
		},
		{
			"name": "Cube",
			"from": [7.8, 9.8, 6.5],
			"to": [8.2, 10, 7.2],
			"faces": {
				"north": {"uv": [5.5, 7, 5.75, 7.25], "texture": "#6"},
				"east": {"uv": [7, 5.5, 7.25, 5.75], "texture": "#6"},
				"south": {"uv": [5.75, 7, 6, 7.25], "texture": "#6"},
				"west": {"uv": [7, 5.75, 7.25, 6], "texture": "#6"},
				"up": {"uv": [6.25, 7.25, 6, 7], "texture": "#6"},
				"down": {"uv": [7.25, 6, 7, 6.25], "texture": "#6"}
			}
		},
		{
			"name": "Cube",
			"from": [7.9, 9.9, 6.3],
			"to": [8.1, 10.1, 6.5],
			"faces": {
				"north": {"uv": [6.25, 7, 6.5, 7.25], "texture": "#6"},
				"east": {"uv": [7, 6.25, 7.25, 6.5], "texture": "#6"},
				"south": {"uv": [6.5, 7, 6.75, 7.25], "texture": "#6"},
				"west": {"uv": [7, 6.5, 7.25, 6.75], "texture": "#6"},
				"up": {"uv": [7, 7.25, 6.75, 7], "texture": "#6"},
				"down": {"uv": [7.25, 6.75, 7, 7], "texture": "#6"}
			}
		},
		{
			"name": "Cube",
			"from": [7.9, 10, 6.1],
			"to": [8.1, 10.8, 6.3],
			"faces": {
				"north": {"uv": [7, 7, 7.25, 7.25], "texture": "#6"},
				"east": {"uv": [0, 7.25, 0.25, 7.5], "texture": "#6"},
				"south": {"uv": [7.25, 0, 7.5, 0.25], "texture": "#6"},
				"west": {"uv": [0.25, 7.25, 0.5, 7.5], "texture": "#6"},
				"up": {"uv": [7.5, 0.5, 7.25, 0.25], "texture": "#6"},
				"down": {"uv": [0.75, 7.25, 0.5, 7.5], "texture": "#6"}
			}
		},
		{
			"name": "Cube",
			"from": [7.5, 9.2, 8.6],
			"to": [7.6, 9.3, 9.4],
			"faces": {
				"north": {"uv": [7.25, 0.5, 7.5, 0.75], "texture": "#6"},
				"east": {"uv": [0.75, 7.25, 1, 7.5], "texture": "#6"},
				"south": {"uv": [7.25, 0.75, 7.5, 1], "texture": "#6"},
				"west": {"uv": [1, 7.25, 1.25, 7.5], "texture": "#6"},
				"up": {"uv": [7.5, 1.25, 7.25, 1], "texture": "#6"},
				"down": {"uv": [1.5, 7.25, 1.25, 7.5], "texture": "#6"}
			}
		},
		{
			"name": "Cube",
			"from": [7, 9.2, 8.6],
			"to": [7.1, 9.3, 9.4],
			"faces": {
				"north": {"uv": [7.25, 1.25, 7.5, 1.5], "texture": "#6"},
				"east": {"uv": [1.5, 7.25, 1.75, 7.5], "texture": "#6"},
				"south": {"uv": [7.25, 1.5, 7.5, 1.75], "texture": "#6"},
				"west": {"uv": [1.75, 7.25, 2, 7.5], "texture": "#6"},
				"up": {"uv": [7.5, 2, 7.25, 1.75], "texture": "#6"},
				"down": {"uv": [2.25, 7.25, 2, 7.5], "texture": "#6"}
			}
		},
		{
			"name": "Cube",
			"from": [7.1, 9.2, 8.5],
			"to": [7.5, 9.3, 8.6],
			"faces": {
				"north": {"uv": [7.25, 2, 7.5, 2.25], "texture": "#6"},
				"east": {"uv": [2.25, 7.25, 2.5, 7.5], "texture": "#6"},
				"south": {"uv": [7.25, 2.25, 7.5, 2.5], "texture": "#6"},
				"west": {"uv": [2.5, 7.25, 2.75, 7.5], "texture": "#6"},
				"up": {"uv": [7.5, 2.75, 7.25, 2.5], "texture": "#6"},
				"down": {"uv": [3, 7.25, 2.75, 7.5], "texture": "#6"}
			}
		},
		{
			"name": "Cube",
			"from": [7.1, 9.2, 9.4],
			"to": [7.5, 9.3, 9.5],
			"faces": {
				"north": {"uv": [7.25, 2.75, 7.5, 3], "texture": "#6"},
				"east": {"uv": [3, 7.25, 3.25, 7.5], "texture": "#6"},
				"south": {"uv": [7.25, 3, 7.5, 3.25], "texture": "#6"},
				"west": {"uv": [3.25, 7.25, 3.5, 7.5], "texture": "#6"},
				"up": {"uv": [7.5, 3.5, 7.25, 3.25], "texture": "#6"},
				"down": {"uv": [3.75, 7.25, 3.5, 7.5], "texture": "#6"}
			}
		},
		{
			"name": "Cube",
			"from": [7.5, 9.2, 9.6],
			"to": [7.6, 9.3, 9.7],
			"faces": {
				"north": {"uv": [7.25, 3.5, 7.5, 3.75], "texture": "#6"},
				"east": {"uv": [3.75, 7.25, 4, 7.5], "texture": "#6"},
				"south": {"uv": [7.25, 3.75, 7.5, 4], "texture": "#6"},
				"west": {"uv": [4, 7.25, 4.25, 7.5], "texture": "#6"},
				"up": {"uv": [7.5, 4.25, 7.25, 4], "texture": "#6"},
				"down": {"uv": [4.5, 7.25, 4.25, 7.5], "texture": "#6"}
			}
		},
		{
			"name": "Cube",
			"from": [7.4, 9.2, 9.7],
			"to": [7.5, 9.3, 9.8],
			"faces": {
				"north": {"uv": [7.25, 4.25, 7.5, 4.5], "texture": "#6"},
				"east": {"uv": [4.5, 7.25, 4.75, 7.5], "texture": "#6"},
				"south": {"uv": [7.25, 4.5, 7.5, 4.75], "texture": "#6"},
				"west": {"uv": [4.75, 7.25, 5, 7.5], "texture": "#6"},
				"up": {"uv": [7.5, 5, 7.25, 4.75], "texture": "#6"},
				"down": {"uv": [5.25, 7.25, 5, 7.5], "texture": "#6"}
			}
		},
		{
			"name": "Cube",
			"from": [7, 9.2, 9.8],
			"to": [7.4, 9.3, 9.9],
			"faces": {
				"north": {"uv": [7.25, 5, 7.5, 5.25], "texture": "#6"},
				"east": {"uv": [5.25, 7.25, 5.5, 7.5], "texture": "#6"},
				"south": {"uv": [7.25, 5.25, 7.5, 5.5], "texture": "#6"},
				"west": {"uv": [5.5, 7.25, 5.75, 7.5], "texture": "#6"},
				"up": {"uv": [7.5, 5.75, 7.25, 5.5], "texture": "#6"},
				"down": {"uv": [6, 7.25, 5.75, 7.5], "texture": "#6"}
			}
		},
		{
			"name": "Cube",
			"from": [6.9, 9.2, 9.7],
			"to": [7, 9.3, 9.8],
			"faces": {
				"north": {"uv": [7.25, 5.75, 7.5, 6], "texture": "#6"},
				"east": {"uv": [6, 7.25, 6.25, 7.5], "texture": "#6"},
				"south": {"uv": [7.25, 6, 7.5, 6.25], "texture": "#6"},
				"west": {"uv": [6.25, 7.25, 6.5, 7.5], "texture": "#6"},
				"up": {"uv": [7.5, 6.5, 7.25, 6.25], "texture": "#6"},
				"down": {"uv": [6.75, 7.25, 6.5, 7.5], "texture": "#6"}
			}
		},
		{
			"name": "Cube",
			"from": [6.8, 9.2, 9.6],
			"to": [6.9, 9.3, 9.7],
			"faces": {
				"north": {"uv": [7.25, 6.5, 7.5, 6.75], "texture": "#6"},
				"east": {"uv": [6.75, 7.25, 7, 7.5], "texture": "#6"},
				"south": {"uv": [7.25, 6.75, 7.5, 7], "texture": "#6"},
				"west": {"uv": [7, 7.25, 7.25, 7.5], "texture": "#6"},
				"up": {"uv": [7.5, 7.25, 7.25, 7], "texture": "#6"},
				"down": {"uv": [7.5, 7.25, 7.25, 7.5], "texture": "#6"}
			}
		},
		{
			"name": "Cube",
			"from": [6.7, 9.2, 7.9],
			"to": [6.8, 9.3, 10.1],
			"faces": {
				"north": {"uv": [0, 7.5, 0.25, 7.75], "texture": "#6"},
				"east": {"uv": [1.25, 3.5, 1.75, 3.75], "texture": "#6"},
				"south": {"uv": [7.5, 0, 7.75, 0.25], "texture": "#6"},
				"west": {"uv": [3.5, 1.5, 4, 1.75], "texture": "#6"},
				"up": {"uv": [2, 4, 1.75, 3.5], "texture": "#6"},
				"down": {"uv": [3.75, 1.75, 3.5, 2.25], "texture": "#6"}
			}
		},
		{
			"name": "Cube",
			"from": [6.8, 9.2, 8.3],
			"to": [6.9, 9.3, 8.4],
			"faces": {
				"north": {"uv": [0.25, 7.5, 0.5, 7.75], "texture": "#6"},
				"east": {"uv": [7.5, 0.25, 7.75, 0.5], "texture": "#6"},
				"south": {"uv": [0.5, 7.5, 0.75, 7.75], "texture": "#6"},
				"west": {"uv": [7.5, 0.5, 7.75, 0.75], "texture": "#6"},
				"up": {"uv": [1, 7.75, 0.75, 7.5], "texture": "#6"},
				"down": {"uv": [7.75, 0.75, 7.5, 1], "texture": "#6"}
			}
		},
		{
			"name": "Cube",
			"from": [6.9, 9.2, 8.2],
			"to": [7, 9.3, 8.3],
			"faces": {
				"north": {"uv": [1, 7.5, 1.25, 7.75], "texture": "#6"},
				"east": {"uv": [7.5, 1, 7.75, 1.25], "texture": "#6"},
				"south": {"uv": [1.25, 7.5, 1.5, 7.75], "texture": "#6"},
				"west": {"uv": [7.5, 1.25, 7.75, 1.5], "texture": "#6"},
				"up": {"uv": [1.75, 7.75, 1.5, 7.5], "texture": "#6"},
				"down": {"uv": [7.75, 1.5, 7.5, 1.75], "texture": "#6"}
			}
		},
		{
			"name": "Cube",
			"from": [7, 9.2, 8.1],
			"to": [7.4, 9.3, 8.2],
			"faces": {
				"north": {"uv": [1.75, 7.5, 2, 7.75], "texture": "#6"},
				"east": {"uv": [7.5, 1.75, 7.75, 2], "texture": "#6"},
				"south": {"uv": [2, 7.5, 2.25, 7.75], "texture": "#6"},
				"west": {"uv": [7.5, 2, 7.75, 2.25], "texture": "#6"},
				"up": {"uv": [2.5, 7.75, 2.25, 7.5], "texture": "#6"},
				"down": {"uv": [7.75, 2.25, 7.5, 2.5], "texture": "#6"}
			}
		},
		{
			"name": "Cube",
			"from": [7.4, 9.2, 8.2],
			"to": [7.5, 9.3, 8.3],
			"faces": {
				"north": {"uv": [2.5, 7.5, 2.75, 7.75], "texture": "#6"},
				"east": {"uv": [7.5, 2.5, 7.75, 2.75], "texture": "#6"},
				"south": {"uv": [2.75, 7.5, 3, 7.75], "texture": "#6"},
				"west": {"uv": [7.5, 2.75, 7.75, 3], "texture": "#6"},
				"up": {"uv": [3.25, 7.75, 3, 7.5], "texture": "#6"},
				"down": {"uv": [7.75, 3, 7.5, 3.25], "texture": "#6"}
			}
		},
		{
			"name": "Cube",
			"from": [7.5, 9.2, 8.3],
			"to": [7.6, 9.3, 8.4],
			"faces": {
				"north": {"uv": [3.25, 7.5, 3.5, 7.75], "texture": "#6"},
				"east": {"uv": [7.5, 3.25, 7.75, 3.5], "texture": "#6"},
				"south": {"uv": [3.5, 7.5, 3.75, 7.75], "texture": "#6"},
				"west": {"uv": [7.5, 3.5, 7.75, 3.75], "texture": "#6"},
				"up": {"uv": [4, 7.75, 3.75, 7.5], "texture": "#6"},
				"down": {"uv": [7.75, 3.75, 7.5, 4], "texture": "#6"}
			}
		},
		{
			"name": "Cube",
			"from": [8.4, 9.2, 8.6],
			"to": [8.5, 9.3, 9.4],
			"faces": {
				"north": {"uv": [4, 7.5, 4.25, 7.75], "texture": "#6"},
				"east": {"uv": [7.5, 4, 7.75, 4.25], "texture": "#6"},
				"south": {"uv": [4.25, 7.5, 4.5, 7.75], "texture": "#6"},
				"west": {"uv": [7.5, 4.25, 7.75, 4.5], "texture": "#6"},
				"up": {"uv": [4.75, 7.75, 4.5, 7.5], "texture": "#6"},
				"down": {"uv": [7.75, 4.5, 7.5, 4.75], "texture": "#6"}
			}
		},
		{
			"name": "Cube",
			"from": [8.5, 9.2, 9.4],
			"to": [8.9, 9.3, 9.5],
			"faces": {
				"north": {"uv": [4.75, 7.5, 5, 7.75], "texture": "#6"},
				"east": {"uv": [7.5, 4.75, 7.75, 5], "texture": "#6"},
				"south": {"uv": [5, 7.5, 5.25, 7.75], "texture": "#6"},
				"west": {"uv": [7.5, 5, 7.75, 5.25], "texture": "#6"},
				"up": {"uv": [5.5, 7.75, 5.25, 7.5], "texture": "#6"},
				"down": {"uv": [7.75, 5.25, 7.5, 5.5], "texture": "#6"}
			}
		},
		{
			"name": "Cube",
			"from": [8.5, 9.2, 8.5],
			"to": [8.9, 9.3, 8.6],
			"faces": {
				"north": {"uv": [5.5, 7.5, 5.75, 7.75], "texture": "#6"},
				"east": {"uv": [7.5, 5.5, 7.75, 5.75], "texture": "#6"},
				"south": {"uv": [5.75, 7.5, 6, 7.75], "texture": "#6"},
				"west": {"uv": [7.5, 5.75, 7.75, 6], "texture": "#6"},
				"up": {"uv": [6.25, 7.75, 6, 7.5], "texture": "#6"},
				"down": {"uv": [7.75, 6, 7.5, 6.25], "texture": "#6"}
			}
		},
		{
			"name": "Cube",
			"from": [8.9, 9.2, 8.6],
			"to": [9, 9.3, 9.4],
			"faces": {
				"north": {"uv": [6.25, 7.5, 6.5, 7.75], "texture": "#6"},
				"east": {"uv": [7.5, 6.25, 7.75, 6.5], "texture": "#6"},
				"south": {"uv": [6.5, 7.5, 6.75, 7.75], "texture": "#6"},
				"west": {"uv": [7.5, 6.5, 7.75, 6.75], "texture": "#6"},
				"up": {"uv": [7, 7.75, 6.75, 7.5], "texture": "#6"},
				"down": {"uv": [7.75, 6.75, 7.5, 7], "texture": "#6"}
			}
		},
		{
			"name": "Cube",
			"from": [8.4, 9.2, 9.6],
			"to": [8.5, 9.3, 9.7],
			"faces": {
				"north": {"uv": [7, 7.5, 7.25, 7.75], "texture": "#6"},
				"east": {"uv": [7.5, 7, 7.75, 7.25], "texture": "#6"},
				"south": {"uv": [7.25, 7.5, 7.5, 7.75], "texture": "#6"},
				"west": {"uv": [7.5, 7.25, 7.75, 7.5], "texture": "#6"},
				"up": {"uv": [7.75, 7.75, 7.5, 7.5], "texture": "#6"},
				"down": {"uv": [0.25, 7.75, 0, 8], "texture": "#6"}
			}
		},
		{
			"name": "Cube",
			"from": [8.5, 9.2, 9.7],
			"to": [8.6, 9.3, 9.8],
			"faces": {
				"north": {"uv": [7.75, 0, 8, 0.25], "texture": "#6"},
				"east": {"uv": [0.25, 7.75, 0.5, 8], "texture": "#6"},
				"south": {"uv": [7.75, 0.25, 8, 0.5], "texture": "#6"},
				"west": {"uv": [0.5, 7.75, 0.75, 8], "texture": "#6"},
				"up": {"uv": [8, 0.75, 7.75, 0.5], "texture": "#6"},
				"down": {"uv": [1, 7.75, 0.75, 8], "texture": "#6"}
			}
		},
		{
			"name": "Cube",
			"from": [8.6, 9.2, 9.8],
			"to": [9, 9.3, 9.9],
			"faces": {
				"north": {"uv": [7.75, 0.75, 8, 1], "texture": "#6"},
				"east": {"uv": [1, 7.75, 1.25, 8], "texture": "#6"},
				"south": {"uv": [7.75, 1, 8, 1.25], "texture": "#6"},
				"west": {"uv": [1.25, 7.75, 1.5, 8], "texture": "#6"},
				"up": {"uv": [8, 1.5, 7.75, 1.25], "texture": "#6"},
				"down": {"uv": [1.75, 7.75, 1.5, 8], "texture": "#6"}
			}
		},
		{
			"name": "Cube",
			"from": [9, 9.2, 9.7],
			"to": [9.1, 9.3, 9.8],
			"faces": {
				"north": {"uv": [7.75, 1.5, 8, 1.75], "texture": "#6"},
				"east": {"uv": [1.75, 7.75, 2, 8], "texture": "#6"},
				"south": {"uv": [7.75, 1.75, 8, 2], "texture": "#6"},
				"west": {"uv": [2, 7.75, 2.25, 8], "texture": "#6"},
				"up": {"uv": [8, 2.25, 7.75, 2], "texture": "#6"},
				"down": {"uv": [2.5, 7.75, 2.25, 8], "texture": "#6"}
			}
		},
		{
			"name": "Cube",
			"from": [9.1, 9.2, 9.6],
			"to": [9.2, 9.3, 9.7],
			"faces": {
				"north": {"uv": [7.75, 2.25, 8, 2.5], "texture": "#6"},
				"east": {"uv": [2.5, 7.75, 2.75, 8], "texture": "#6"},
				"south": {"uv": [7.75, 2.5, 8, 2.75], "texture": "#6"},
				"west": {"uv": [2.75, 7.75, 3, 8], "texture": "#6"},
				"up": {"uv": [8, 3, 7.75, 2.75], "texture": "#6"},
				"down": {"uv": [3.25, 7.75, 3, 8], "texture": "#6"}
			}
		},
		{
			"name": "Cube",
			"from": [9.2, 9.2, 7.9],
			"to": [9.3, 9.3, 10.1],
			"faces": {
				"north": {"uv": [7.75, 3, 8, 3.25], "texture": "#6"},
				"east": {"uv": [3.5, 2.25, 4, 2.5], "texture": "#6"},
				"south": {"uv": [3.25, 7.75, 3.5, 8], "texture": "#6"},
				"west": {"uv": [3.5, 2.5, 4, 2.75], "texture": "#6"},
				"up": {"uv": [3.75, 3.25, 3.5, 2.75], "texture": "#6"},
				"down": {"uv": [3.75, 3.25, 3.5, 3.75], "texture": "#6"}
			}
		},
		{
			"name": "Cube",
			"from": [9.1, 9.2, 8.3],
			"to": [9.2, 9.3, 8.4],
			"faces": {
				"north": {"uv": [7.75, 3.25, 8, 3.5], "texture": "#6"},
				"east": {"uv": [3.5, 7.75, 3.75, 8], "texture": "#6"},
				"south": {"uv": [7.75, 3.5, 8, 3.75], "texture": "#6"},
				"west": {"uv": [3.75, 7.75, 4, 8], "texture": "#6"},
				"up": {"uv": [8, 4, 7.75, 3.75], "texture": "#6"},
				"down": {"uv": [4.25, 7.75, 4, 8], "texture": "#6"}
			}
		},
		{
			"name": "Cube",
			"from": [9, 9.2, 8.2],
			"to": [9.1, 9.3, 8.3],
			"faces": {
				"north": {"uv": [7.75, 4, 8, 4.25], "texture": "#6"},
				"east": {"uv": [4.25, 7.75, 4.5, 8], "texture": "#6"},
				"south": {"uv": [7.75, 4.25, 8, 4.5], "texture": "#6"},
				"west": {"uv": [4.5, 7.75, 4.75, 8], "texture": "#6"},
				"up": {"uv": [8, 4.75, 7.75, 4.5], "texture": "#6"},
				"down": {"uv": [5, 7.75, 4.75, 8], "texture": "#6"}
			}
		},
		{
			"name": "Cube",
			"from": [8.6, 9.2, 8.1],
			"to": [9, 9.3, 8.2],
			"faces": {
				"north": {"uv": [7.75, 4.75, 8, 5], "texture": "#6"},
				"east": {"uv": [5, 7.75, 5.25, 8], "texture": "#6"},
				"south": {"uv": [7.75, 5, 8, 5.25], "texture": "#6"},
				"west": {"uv": [5.25, 7.75, 5.5, 8], "texture": "#6"},
				"up": {"uv": [8, 5.5, 7.75, 5.25], "texture": "#6"},
				"down": {"uv": [5.75, 7.75, 5.5, 8], "texture": "#6"}
			}
		},
		{
			"name": "Cube",
			"from": [8.5, 9.2, 8.2],
			"to": [8.6, 9.3, 8.3],
			"faces": {
				"north": {"uv": [7.75, 5.5, 8, 5.75], "texture": "#6"},
				"east": {"uv": [5.75, 7.75, 6, 8], "texture": "#6"},
				"south": {"uv": [7.75, 5.75, 8, 6], "texture": "#6"},
				"west": {"uv": [6, 7.75, 6.25, 8], "texture": "#6"},
				"up": {"uv": [8, 6.25, 7.75, 6], "texture": "#6"},
				"down": {"uv": [6.5, 7.75, 6.25, 8], "texture": "#6"}
			}
		},
		{
			"name": "Cube",
			"from": [8.4, 9.2, 8.3],
			"to": [8.5, 9.3, 8.4],
			"faces": {
				"north": {"uv": [7.75, 6.25, 8, 6.5], "texture": "#6"},
				"east": {"uv": [6.5, 7.75, 6.75, 8], "texture": "#6"},
				"south": {"uv": [7.75, 6.5, 8, 6.75], "texture": "#6"},
				"west": {"uv": [6.75, 7.75, 7, 8], "texture": "#6"},
				"up": {"uv": [8, 7, 7.75, 6.75], "texture": "#6"},
				"down": {"uv": [7.25, 7.75, 7, 8], "texture": "#6"}
			}
		},
		{
			"name": "Cube",
			"from": [6.8, 9.2, 10.1],
			"to": [6.9, 9.3, 10.3],
			"faces": {
				"north": {"uv": [7.75, 7, 8, 7.25], "texture": "#6"},
				"east": {"uv": [7.25, 7.75, 7.5, 8], "texture": "#6"},
				"south": {"uv": [7.75, 7.25, 8, 7.5], "texture": "#6"},
				"west": {"uv": [7.5, 7.75, 7.75, 8], "texture": "#6"},
				"up": {"uv": [8, 7.75, 7.75, 7.5], "texture": "#6"},
				"down": {"uv": [8, 7.75, 7.75, 8], "texture": "#6"}
			}
		},
		{
			"name": "Cube",
			"from": [6.9, 9.2, 10.3],
			"to": [7, 9.3, 10.5],
			"faces": {
				"north": {"uv": [0, 8, 0.25, 8.25], "texture": "#6"},
				"east": {"uv": [8, 0, 8.25, 0.25], "texture": "#6"},
				"south": {"uv": [0.25, 8, 0.5, 8.25], "texture": "#6"},
				"west": {"uv": [8, 0.25, 8.25, 0.5], "texture": "#6"},
				"up": {"uv": [0.75, 8.25, 0.5, 8], "texture": "#6"},
				"down": {"uv": [8.25, 0.5, 8, 0.75], "texture": "#6"}
			}
		},
		{
			"name": "Cube",
			"from": [7, 9.2, 10.5],
			"to": [7.1, 9.3, 10.6],
			"faces": {
				"north": {"uv": [0.75, 8, 1, 8.25], "texture": "#6"},
				"east": {"uv": [8, 0.75, 8.25, 1], "texture": "#6"},
				"south": {"uv": [1, 8, 1.25, 8.25], "texture": "#6"},
				"west": {"uv": [8, 1, 8.25, 1.25], "texture": "#6"},
				"up": {"uv": [1.5, 8.25, 1.25, 8], "texture": "#6"},
				"down": {"uv": [8.25, 1.25, 8, 1.5], "texture": "#6"}
			}
		},
		{
			"name": "Cube",
			"from": [7.1, 9.2, 10.6],
			"to": [7.2, 9.3, 10.7],
			"faces": {
				"north": {"uv": [1.5, 8, 1.75, 8.25], "texture": "#6"},
				"east": {"uv": [8, 1.5, 8.25, 1.75], "texture": "#6"},
				"south": {"uv": [1.75, 8, 2, 8.25], "texture": "#6"},
				"west": {"uv": [8, 1.75, 8.25, 2], "texture": "#6"},
				"up": {"uv": [2.25, 8.25, 2, 8], "texture": "#6"},
				"down": {"uv": [8.25, 2, 8, 2.25], "texture": "#6"}
			}
		},
		{
			"name": "Cube",
			"from": [7.2, 9.2, 10.7],
			"to": [7.4, 9.3, 10.8],
			"faces": {
				"north": {"uv": [2.25, 8, 2.5, 8.25], "texture": "#6"},
				"east": {"uv": [8, 2.25, 8.25, 2.5], "texture": "#6"},
				"south": {"uv": [2.5, 8, 2.75, 8.25], "texture": "#6"},
				"west": {"uv": [8, 2.5, 8.25, 2.75], "texture": "#6"},
				"up": {"uv": [3, 8.25, 2.75, 8], "texture": "#6"},
				"down": {"uv": [8.25, 2.75, 8, 3], "texture": "#6"}
			}
		},
		{
			"name": "Cube",
			"from": [7.4, 9.2, 10.8],
			"to": [7.6, 9.3, 10.9],
			"faces": {
				"north": {"uv": [3, 8, 3.25, 8.25], "texture": "#6"},
				"east": {"uv": [8, 3, 8.25, 3.25], "texture": "#6"},
				"south": {"uv": [3.25, 8, 3.5, 8.25], "texture": "#6"},
				"west": {"uv": [8, 3.25, 8.25, 3.5], "texture": "#6"},
				"up": {"uv": [3.75, 8.25, 3.5, 8], "texture": "#6"},
				"down": {"uv": [8.25, 3.5, 8, 3.75], "texture": "#6"}
			}
		},
		{
			"name": "Cube",
			"from": [7.6, 9.2, 10.9],
			"to": [7.7, 9.3, 11],
			"faces": {
				"north": {"uv": [3.75, 8, 4, 8.25], "texture": "#6"},
				"east": {"uv": [8, 3.75, 8.25, 4], "texture": "#6"},
				"south": {"uv": [4, 8, 4.25, 8.25], "texture": "#6"},
				"west": {"uv": [8, 4, 8.25, 4.25], "texture": "#6"},
				"up": {"uv": [4.5, 8.25, 4.25, 8], "texture": "#6"},
				"down": {"uv": [8.25, 4.25, 8, 4.5], "texture": "#6"}
			}
		},
		{
			"name": "Cube",
			"from": [6.8, 9.2, 7.7],
			"to": [6.9, 9.3, 7.9],
			"faces": {
				"north": {"uv": [4.5, 8, 4.75, 8.25], "texture": "#6"},
				"east": {"uv": [8, 4.5, 8.25, 4.75], "texture": "#6"},
				"south": {"uv": [4.75, 8, 5, 8.25], "texture": "#6"},
				"west": {"uv": [8, 4.75, 8.25, 5], "texture": "#6"},
				"up": {"uv": [5.25, 8.25, 5, 8], "texture": "#6"},
				"down": {"uv": [8.25, 5, 8, 5.25], "texture": "#6"}
			}
		},
		{
			"name": "Cube",
			"from": [6.9, 9.2, 7.5],
			"to": [7, 9.3, 7.7],
			"faces": {
				"north": {"uv": [5.25, 8, 5.5, 8.25], "texture": "#6"},
				"east": {"uv": [8, 5.25, 8.25, 5.5], "texture": "#6"},
				"south": {"uv": [5.5, 8, 5.75, 8.25], "texture": "#6"},
				"west": {"uv": [8, 5.5, 8.25, 5.75], "texture": "#6"},
				"up": {"uv": [6, 8.25, 5.75, 8], "texture": "#6"},
				"down": {"uv": [8.25, 5.75, 8, 6], "texture": "#6"}
			}
		},
		{
			"name": "Cube",
			"from": [7, 9.2, 7.4],
			"to": [7.1, 9.3, 7.5],
			"faces": {
				"north": {"uv": [6, 8, 6.25, 8.25], "texture": "#6"},
				"east": {"uv": [8, 6, 8.25, 6.25], "texture": "#6"},
				"south": {"uv": [6.25, 8, 6.5, 8.25], "texture": "#6"},
				"west": {"uv": [8, 6.25, 8.25, 6.5], "texture": "#6"},
				"up": {"uv": [6.75, 8.25, 6.5, 8], "texture": "#6"},
				"down": {"uv": [8.25, 6.5, 8, 6.75], "texture": "#6"}
			}
		},
		{
			"name": "Cube",
			"from": [7.1, 9.2, 7.3],
			"to": [7.2, 9.3, 7.4],
			"faces": {
				"north": {"uv": [6.75, 8, 7, 8.25], "texture": "#6"},
				"east": {"uv": [8, 6.75, 8.25, 7], "texture": "#6"},
				"south": {"uv": [7, 8, 7.25, 8.25], "texture": "#6"},
				"west": {"uv": [8, 7, 8.25, 7.25], "texture": "#6"},
				"up": {"uv": [7.5, 8.25, 7.25, 8], "texture": "#6"},
				"down": {"uv": [8.25, 7.25, 8, 7.5], "texture": "#6"}
			}
		},
		{
			"name": "Cube",
			"from": [7.2, 9.2, 7.2],
			"to": [7.4, 9.3, 7.3],
			"faces": {
				"north": {"uv": [7.5, 8, 7.75, 8.25], "texture": "#6"},
				"east": {"uv": [8, 7.5, 8.25, 7.75], "texture": "#6"},
				"south": {"uv": [7.75, 8, 8, 8.25], "texture": "#6"},
				"west": {"uv": [8, 7.75, 8.25, 8], "texture": "#6"},
				"up": {"uv": [8.25, 8.25, 8, 8], "texture": "#6"},
				"down": {"uv": [0.25, 8.25, 0, 8.5], "texture": "#6"}
			}
		},
		{
			"name": "Cube",
			"from": [7.4, 9.2, 7.1],
			"to": [7.6, 9.3, 7.2],
			"faces": {
				"north": {"uv": [8.25, 0, 8.5, 0.25], "texture": "#6"},
				"east": {"uv": [0.25, 8.25, 0.5, 8.5], "texture": "#6"},
				"south": {"uv": [8.25, 0.25, 8.5, 0.5], "texture": "#6"},
				"west": {"uv": [0.5, 8.25, 0.75, 8.5], "texture": "#6"},
				"up": {"uv": [8.5, 0.75, 8.25, 0.5], "texture": "#6"},
				"down": {"uv": [1, 8.25, 0.75, 8.5], "texture": "#6"}
			}
		},
		{
			"name": "Cube",
			"from": [7.6, 9.2, 7],
			"to": [7.7, 9.3, 7.1],
			"faces": {
				"north": {"uv": [8.25, 0.75, 8.5, 1], "texture": "#6"},
				"east": {"uv": [1, 8.25, 1.25, 8.5], "texture": "#6"},
				"south": {"uv": [8.25, 1, 8.5, 1.25], "texture": "#6"},
				"west": {"uv": [1.25, 8.25, 1.5, 8.5], "texture": "#6"},
				"up": {"uv": [8.5, 1.5, 8.25, 1.25], "texture": "#6"},
				"down": {"uv": [1.75, 8.25, 1.5, 8.5], "texture": "#6"}
			}
		},
		{
			"name": "Cube",
			"from": [9.1, 9.2, 7.7],
			"to": [9.2, 9.3, 7.9],
			"faces": {
				"north": {"uv": [8.25, 1.5, 8.5, 1.75], "texture": "#6"},
				"east": {"uv": [1.75, 8.25, 2, 8.5], "texture": "#6"},
				"south": {"uv": [8.25, 1.75, 8.5, 2], "texture": "#6"},
				"west": {"uv": [2, 8.25, 2.25, 8.5], "texture": "#6"},
				"up": {"uv": [8.5, 2.25, 8.25, 2], "texture": "#6"},
				"down": {"uv": [2.5, 8.25, 2.25, 8.5], "texture": "#6"}
			}
		},
		{
			"name": "Cube",
			"from": [9, 9.2, 7.5],
			"to": [9.1, 9.3, 7.7],
			"faces": {
				"north": {"uv": [8.25, 2.25, 8.5, 2.5], "texture": "#6"},
				"east": {"uv": [2.5, 8.25, 2.75, 8.5], "texture": "#6"},
				"south": {"uv": [8.25, 2.5, 8.5, 2.75], "texture": "#6"},
				"west": {"uv": [2.75, 8.25, 3, 8.5], "texture": "#6"},
				"up": {"uv": [8.5, 3, 8.25, 2.75], "texture": "#6"},
				"down": {"uv": [3.25, 8.25, 3, 8.5], "texture": "#6"}
			}
		},
		{
			"name": "Cube",
			"from": [8.9, 9.2, 7.4],
			"to": [9, 9.3, 7.5],
			"faces": {
				"north": {"uv": [8.25, 3, 8.5, 3.25], "texture": "#6"},
				"east": {"uv": [3.25, 8.25, 3.5, 8.5], "texture": "#6"},
				"south": {"uv": [8.25, 3.25, 8.5, 3.5], "texture": "#6"},
				"west": {"uv": [3.5, 8.25, 3.75, 8.5], "texture": "#6"},
				"up": {"uv": [8.5, 3.75, 8.25, 3.5], "texture": "#6"},
				"down": {"uv": [4, 8.25, 3.75, 8.5], "texture": "#6"}
			}
		},
		{
			"name": "Cube",
			"from": [8.8, 9.2, 7.3],
			"to": [8.9, 9.3, 7.4],
			"faces": {
				"north": {"uv": [8.25, 3.75, 8.5, 4], "texture": "#6"},
				"east": {"uv": [4, 8.25, 4.25, 8.5], "texture": "#6"},
				"south": {"uv": [8.25, 4, 8.5, 4.25], "texture": "#6"},
				"west": {"uv": [4.25, 8.25, 4.5, 8.5], "texture": "#6"},
				"up": {"uv": [8.5, 4.5, 8.25, 4.25], "texture": "#6"},
				"down": {"uv": [4.75, 8.25, 4.5, 8.5], "texture": "#6"}
			}
		},
		{
			"name": "Cube",
			"from": [8.6, 9.2, 7.2],
			"to": [8.8, 9.3, 7.3],
			"faces": {
				"north": {"uv": [8.25, 4.5, 8.5, 4.75], "texture": "#6"},
				"east": {"uv": [4.75, 8.25, 5, 8.5], "texture": "#6"},
				"south": {"uv": [8.25, 4.75, 8.5, 5], "texture": "#6"},
				"west": {"uv": [5, 8.25, 5.25, 8.5], "texture": "#6"},
				"up": {"uv": [8.5, 5.25, 8.25, 5], "texture": "#6"},
				"down": {"uv": [5.5, 8.25, 5.25, 8.5], "texture": "#6"}
			}
		},
		{
			"name": "Cube",
			"from": [8.4, 9.2, 7.1],
			"to": [8.6, 9.3, 7.2],
			"faces": {
				"north": {"uv": [8.25, 5.25, 8.5, 5.5], "texture": "#6"},
				"east": {"uv": [5.5, 8.25, 5.75, 8.5], "texture": "#6"},
				"south": {"uv": [8.25, 5.5, 8.5, 5.75], "texture": "#6"},
				"west": {"uv": [5.75, 8.25, 6, 8.5], "texture": "#6"},
				"up": {"uv": [8.5, 6, 8.25, 5.75], "texture": "#6"},
				"down": {"uv": [6.25, 8.25, 6, 8.5], "texture": "#6"}
			}
		},
		{
			"name": "Cube",
			"from": [8.3, 9.2, 7],
			"to": [8.4, 9.3, 7.1],
			"faces": {
				"north": {"uv": [8.25, 6, 8.5, 6.25], "texture": "#6"},
				"east": {"uv": [6.25, 8.25, 6.5, 8.5], "texture": "#6"},
				"south": {"uv": [8.25, 6.25, 8.5, 6.5], "texture": "#6"},
				"west": {"uv": [6.5, 8.25, 6.75, 8.5], "texture": "#6"},
				"up": {"uv": [8.5, 6.75, 8.25, 6.5], "texture": "#6"},
				"down": {"uv": [7, 8.25, 6.75, 8.5], "texture": "#6"}
			}
		},
		{
			"name": "Cube",
			"from": [9.1, 9.2, 10.1],
			"to": [9.2, 9.3, 10.3],
			"faces": {
				"north": {"uv": [8.25, 6.75, 8.5, 7], "texture": "#6"},
				"east": {"uv": [7, 8.25, 7.25, 8.5], "texture": "#6"},
				"south": {"uv": [8.25, 7, 8.5, 7.25], "texture": "#6"},
				"west": {"uv": [7.25, 8.25, 7.5, 8.5], "texture": "#6"},
				"up": {"uv": [8.5, 7.5, 8.25, 7.25], "texture": "#6"},
				"down": {"uv": [7.75, 8.25, 7.5, 8.5], "texture": "#6"}
			}
		},
		{
			"name": "Cube",
			"from": [9, 9.2, 10.3],
			"to": [9.1, 9.3, 10.5],
			"faces": {
				"north": {"uv": [8.25, 7.5, 8.5, 7.75], "texture": "#6"},
				"east": {"uv": [7.75, 8.25, 8, 8.5], "texture": "#6"},
				"south": {"uv": [8.25, 7.75, 8.5, 8], "texture": "#6"},
				"west": {"uv": [8, 8.25, 8.25, 8.5], "texture": "#6"},
				"up": {"uv": [8.5, 8.25, 8.25, 8], "texture": "#6"},
				"down": {"uv": [8.5, 8.25, 8.25, 8.5], "texture": "#6"}
			}
		},
		{
			"name": "Cube",
			"from": [8.9, 9.2, 10.5],
			"to": [9, 9.3, 10.6],
			"faces": {
				"north": {"uv": [0, 8.5, 0.25, 8.75], "texture": "#6"},
				"east": {"uv": [8.5, 0, 8.75, 0.25], "texture": "#6"},
				"south": {"uv": [0.25, 8.5, 0.5, 8.75], "texture": "#6"},
				"west": {"uv": [8.5, 0.25, 8.75, 0.5], "texture": "#6"},
				"up": {"uv": [0.75, 8.75, 0.5, 8.5], "texture": "#6"},
				"down": {"uv": [8.75, 0.5, 8.5, 0.75], "texture": "#6"}
			}
		},
		{
			"name": "Cube",
			"from": [8.8, 9.2, 10.6],
			"to": [8.9, 9.3, 10.7],
			"faces": {
				"north": {"uv": [0.75, 8.5, 1, 8.75], "texture": "#6"},
				"east": {"uv": [8.5, 0.75, 8.75, 1], "texture": "#6"},
				"south": {"uv": [1, 8.5, 1.25, 8.75], "texture": "#6"},
				"west": {"uv": [8.5, 1, 8.75, 1.25], "texture": "#6"},
				"up": {"uv": [1.5, 8.75, 1.25, 8.5], "texture": "#6"},
				"down": {"uv": [8.75, 1.25, 8.5, 1.5], "texture": "#6"}
			}
		},
		{
			"name": "Cube",
			"from": [8.6, 9.2, 10.7],
			"to": [8.8, 9.3, 10.8],
			"faces": {
				"north": {"uv": [1.5, 8.5, 1.75, 8.75], "texture": "#6"},
				"east": {"uv": [8.5, 1.5, 8.75, 1.75], "texture": "#6"},
				"south": {"uv": [1.75, 8.5, 2, 8.75], "texture": "#6"},
				"west": {"uv": [8.5, 1.75, 8.75, 2], "texture": "#6"},
				"up": {"uv": [2.25, 8.75, 2, 8.5], "texture": "#6"},
				"down": {"uv": [8.75, 2, 8.5, 2.25], "texture": "#6"}
			}
		},
		{
			"name": "Cube",
			"from": [8.4, 9.2, 10.8],
			"to": [8.6, 9.3, 10.9],
			"faces": {
				"north": {"uv": [2.25, 8.5, 2.5, 8.75], "texture": "#6"},
				"east": {"uv": [8.5, 2.25, 8.75, 2.5], "texture": "#6"},
				"south": {"uv": [2.5, 8.5, 2.75, 8.75], "texture": "#6"},
				"west": {"uv": [8.5, 2.5, 8.75, 2.75], "texture": "#6"},
				"up": {"uv": [3, 8.75, 2.75, 8.5], "texture": "#6"},
				"down": {"uv": [8.75, 2.75, 8.5, 3], "texture": "#6"}
			}
		},
		{
			"name": "Cube",
			"from": [8.3, 9.2, 10.9],
			"to": [8.4, 9.3, 11],
			"faces": {
				"north": {"uv": [3, 8.5, 3.25, 8.75], "texture": "#6"},
				"east": {"uv": [8.5, 3, 8.75, 3.25], "texture": "#6"},
				"south": {"uv": [3.25, 8.5, 3.5, 8.75], "texture": "#6"},
				"west": {"uv": [8.5, 3.25, 8.75, 3.5], "texture": "#6"},
				"up": {"uv": [3.75, 8.75, 3.5, 8.5], "texture": "#6"},
				"down": {"uv": [8.75, 3.5, 8.5, 3.75], "texture": "#6"}
			}
		},
		{
			"name": "Cube",
			"from": [7.6, 8.9, 8.9],
			"to": [8.4, 9, 9],
			"faces": {
				"north": {"uv": [3.75, 8.5, 4, 8.75], "texture": "#6"},
				"east": {"uv": [8.5, 3.75, 8.75, 4], "texture": "#6"},
				"south": {"uv": [4, 8.5, 4.25, 8.75], "texture": "#6"},
				"west": {"uv": [8.5, 4, 8.75, 4.25], "texture": "#6"},
				"up": {"uv": [4.5, 8.75, 4.25, 8.5], "texture": "#6"},
				"down": {"uv": [8.75, 4.25, 8.5, 4.5], "texture": "#6"}
			}
		},
		{
			"name": "Cube",
			"from": [7.6, 8.8, 9],
			"to": [8.4, 8.9, 9.1],
			"faces": {
				"north": {"uv": [4.5, 8.5, 4.75, 8.75], "texture": "#6"},
				"east": {"uv": [8.5, 4.5, 8.75, 4.75], "texture": "#6"},
				"south": {"uv": [4.75, 8.5, 5, 8.75], "texture": "#6"},
				"west": {"uv": [8.5, 4.75, 8.75, 5], "texture": "#6"},
				"up": {"uv": [5.25, 8.75, 5, 8.5], "texture": "#6"},
				"down": {"uv": [8.75, 5, 8.5, 5.25], "texture": "#6"}
			}
		},
		{
			"name": "Cube",
			"from": [7.6, 8.7, 8.9],
			"to": [8.4, 8.8, 9],
			"faces": {
				"north": {"uv": [5.25, 8.5, 5.5, 8.75], "texture": "#6"},
				"east": {"uv": [8.5, 5.25, 8.75, 5.5], "texture": "#6"},
				"south": {"uv": [5.5, 8.5, 5.75, 8.75], "texture": "#6"},
				"west": {"uv": [8.5, 5.5, 8.75, 5.75], "texture": "#6"},
				"up": {"uv": [6, 8.75, 5.75, 8.5], "texture": "#6"},
				"down": {"uv": [8.75, 5.75, 8.5, 6], "texture": "#6"}
			}
		},
		{
			"name": "Cube",
			"from": [7.6, 8.6, 9],
			"to": [8.4, 8.7, 9.1],
			"faces": {
				"north": {"uv": [6, 8.5, 6.25, 8.75], "texture": "#6"},
				"east": {"uv": [8.5, 6, 8.75, 6.25], "texture": "#6"},
				"south": {"uv": [6.25, 8.5, 6.5, 8.75], "texture": "#6"},
				"west": {"uv": [8.5, 6.25, 8.75, 6.5], "texture": "#6"},
				"up": {"uv": [6.75, 8.75, 6.5, 8.5], "texture": "#6"},
				"down": {"uv": [8.75, 6.5, 8.5, 6.75], "texture": "#6"}
			}
		},
		{
			"name": "Cube",
			"from": [7.6, 8.5, 8.9],
			"to": [8.4, 8.6, 9],
			"faces": {
				"north": {"uv": [6.75, 8.5, 7, 8.75], "texture": "#6"},
				"east": {"uv": [8.5, 6.75, 8.75, 7], "texture": "#6"},
				"south": {"uv": [7, 8.5, 7.25, 8.75], "texture": "#6"},
				"west": {"uv": [8.5, 7, 8.75, 7.25], "texture": "#6"},
				"up": {"uv": [7.5, 8.75, 7.25, 8.5], "texture": "#6"},
				"down": {"uv": [8.75, 7.25, 8.5, 7.5], "texture": "#6"}
			}
		},
		{
			"name": "Cube",
			"from": [7.6, 8.4, 9],
			"to": [8.4, 8.5, 9.1],
			"faces": {
				"north": {"uv": [7.5, 8.5, 7.75, 8.75], "texture": "#6"},
				"east": {"uv": [8.5, 7.5, 8.75, 7.75], "texture": "#6"},
				"south": {"uv": [7.75, 8.5, 8, 8.75], "texture": "#6"},
				"west": {"uv": [8.5, 7.75, 8.75, 8], "texture": "#6"},
				"up": {"uv": [8.25, 8.75, 8, 8.5], "texture": "#6"},
				"down": {"uv": [8.75, 8, 8.5, 8.25], "texture": "#6"}
			}
		},
		{
			"name": "Cube",
			"from": [7.6, 8.3, 8.9],
			"to": [8.4, 8.4, 9],
			"faces": {
				"north": {"uv": [8.25, 8.5, 8.5, 8.75], "texture": "#6"},
				"east": {"uv": [8.5, 8.25, 8.75, 8.5], "texture": "#6"},
				"south": {"uv": [8.5, 8.5, 8.75, 8.75], "texture": "#6"},
				"west": {"uv": [0, 8.75, 0.25, 9], "texture": "#6"},
				"up": {"uv": [9, 0.25, 8.75, 0], "texture": "#6"},
				"down": {"uv": [0.5, 8.75, 0.25, 9], "texture": "#6"}
			}
		},
		{
			"name": "Cube",
			"from": [7.6, 8.2, 9],
			"to": [8.4, 8.3, 9.1],
			"faces": {
				"north": {"uv": [8.75, 0.25, 9, 0.5], "texture": "#6"},
				"east": {"uv": [0.5, 8.75, 0.75, 9], "texture": "#6"},
				"south": {"uv": [8.75, 0.5, 9, 0.75], "texture": "#6"},
				"west": {"uv": [0.75, 8.75, 1, 9], "texture": "#6"},
				"up": {"uv": [9, 1, 8.75, 0.75], "texture": "#6"},
				"down": {"uv": [1.25, 8.75, 1, 9], "texture": "#6"}
			}
		},
		{
			"name": "Cube",
			"from": [7.6, 8.1, 8.9],
			"to": [8.4, 8.2, 9],
			"faces": {
				"north": {"uv": [8.75, 1, 9, 1.25], "texture": "#6"},
				"east": {"uv": [1.25, 8.75, 1.5, 9], "texture": "#6"},
				"south": {"uv": [8.75, 1.25, 9, 1.5], "texture": "#6"},
				"west": {"uv": [1.5, 8.75, 1.75, 9], "texture": "#6"},
				"up": {"uv": [9, 1.75, 8.75, 1.5], "texture": "#6"},
				"down": {"uv": [2, 8.75, 1.75, 9], "texture": "#6"}
			}
		},
		{
			"name": "Cube",
			"from": [7.6, 8, 9],
			"to": [8.4, 8.1, 9.1],
			"faces": {
				"north": {"uv": [8.75, 1.75, 9, 2], "texture": "#6"},
				"east": {"uv": [2, 8.75, 2.25, 9], "texture": "#6"},
				"south": {"uv": [8.75, 2, 9, 2.25], "texture": "#6"},
				"west": {"uv": [2.25, 8.75, 2.5, 9], "texture": "#6"},
				"up": {"uv": [9, 2.5, 8.75, 2.25], "texture": "#6"},
				"down": {"uv": [2.75, 8.75, 2.5, 9], "texture": "#6"}
			}
		},
		{
			"name": "Cube",
			"from": [7.6, 7.9, 8.9],
			"to": [8.4, 8, 9],
			"faces": {
				"north": {"uv": [8.75, 2.5, 9, 2.75], "texture": "#6"},
				"east": {"uv": [2.75, 8.75, 3, 9], "texture": "#6"},
				"south": {"uv": [8.75, 2.75, 9, 3], "texture": "#6"},
				"west": {"uv": [3, 8.75, 3.25, 9], "texture": "#6"},
				"up": {"uv": [9, 3.25, 8.75, 3], "texture": "#6"},
				"down": {"uv": [3.5, 8.75, 3.25, 9], "texture": "#6"}
			}
		},
		{
			"name": "Cube",
			"from": [7.6, 7.8, 9],
			"to": [8.4, 7.9, 9.1],
			"faces": {
				"north": {"uv": [8.75, 3.25, 9, 3.5], "texture": "#6"},
				"east": {"uv": [3.5, 8.75, 3.75, 9], "texture": "#6"},
				"south": {"uv": [8.75, 3.5, 9, 3.75], "texture": "#6"},
				"west": {"uv": [3.75, 8.75, 4, 9], "texture": "#6"},
				"up": {"uv": [9, 4, 8.75, 3.75], "texture": "#6"},
				"down": {"uv": [4.25, 8.75, 4, 9], "texture": "#6"}
			}
		},
		{
			"name": "Cube",
			"from": [7.6, 7.7, 8.9],
			"to": [8.4, 7.8, 9],
			"faces": {
				"north": {"uv": [8.75, 4, 9, 4.25], "texture": "#6"},
				"east": {"uv": [4.25, 8.75, 4.5, 9], "texture": "#6"},
				"south": {"uv": [8.75, 4.25, 9, 4.5], "texture": "#6"},
				"west": {"uv": [4.5, 8.75, 4.75, 9], "texture": "#6"},
				"up": {"uv": [9, 4.75, 8.75, 4.5], "texture": "#6"},
				"down": {"uv": [5, 8.75, 4.75, 9], "texture": "#6"}
			}
		},
		{
			"name": "Cube",
			"from": [7.6, 7.6, 9],
			"to": [8.4, 7.7, 9.1],
			"faces": {
				"north": {"uv": [8.75, 4.75, 9, 5], "texture": "#6"},
				"east": {"uv": [5, 8.75, 5.25, 9], "texture": "#6"},
				"south": {"uv": [8.75, 5, 9, 5.25], "texture": "#6"},
				"west": {"uv": [5.25, 8.75, 5.5, 9], "texture": "#6"},
				"up": {"uv": [9, 5.5, 8.75, 5.25], "texture": "#6"},
				"down": {"uv": [5.75, 8.75, 5.5, 9], "texture": "#6"}
			}
		},
		{
			"name": "Cube",
			"from": [7.6, 7.5, 8.9],
			"to": [8.4, 7.6, 9],
			"faces": {
				"north": {"uv": [8.75, 5.5, 9, 5.75], "texture": "#6"},
				"east": {"uv": [5.75, 8.75, 6, 9], "texture": "#6"},
				"south": {"uv": [8.75, 5.75, 9, 6], "texture": "#6"},
				"west": {"uv": [6, 8.75, 6.25, 9], "texture": "#6"},
				"up": {"uv": [9, 6.25, 8.75, 6], "texture": "#6"},
				"down": {"uv": [6.5, 8.75, 6.25, 9], "texture": "#6"}
			}
		},
		{
			"name": "Cube",
			"from": [7.6, 7.4, 9],
			"to": [8.4, 7.5, 9.1],
			"faces": {
				"north": {"uv": [8.75, 6.25, 9, 6.5], "texture": "#6"},
				"east": {"uv": [6.5, 8.75, 6.75, 9], "texture": "#6"},
				"south": {"uv": [8.75, 6.5, 9, 6.75], "texture": "#6"},
				"west": {"uv": [6.75, 8.75, 7, 9], "texture": "#6"},
				"up": {"uv": [9, 7, 8.75, 6.75], "texture": "#6"},
				"down": {"uv": [7.25, 8.75, 7, 9], "texture": "#6"}
			}
		},
		{
			"name": "Cube",
			"from": [7.6, 7.3, 8.9],
			"to": [8.4, 7.4, 9],
			"faces": {
				"north": {"uv": [8.75, 7, 9, 7.25], "texture": "#6"},
				"east": {"uv": [7.25, 8.75, 7.5, 9], "texture": "#6"},
				"south": {"uv": [8.75, 7.25, 9, 7.5], "texture": "#6"},
				"west": {"uv": [7.5, 8.75, 7.75, 9], "texture": "#6"},
				"up": {"uv": [9, 7.75, 8.75, 7.5], "texture": "#6"},
				"down": {"uv": [8, 8.75, 7.75, 9], "texture": "#6"}
			}
		},
		{
			"name": "Cube",
			"from": [7.6, 7.2, 9],
			"to": [8.4, 7.3, 9.1],
			"faces": {
				"north": {"uv": [8.75, 7.75, 9, 8], "texture": "#6"},
				"east": {"uv": [8, 8.75, 8.25, 9], "texture": "#6"},
				"south": {"uv": [8.75, 8, 9, 8.25], "texture": "#6"},
				"west": {"uv": [8.25, 8.75, 8.5, 9], "texture": "#6"},
				"up": {"uv": [9, 8.5, 8.75, 8.25], "texture": "#6"},
				"down": {"uv": [8.75, 8.75, 8.5, 9], "texture": "#6"}
			}
		},
		{
			"name": "Cube",
			"from": [7.6, 7.1, 8.9],
			"to": [8.4, 7.2, 9],
			"faces": {
				"north": {"uv": [8.75, 8.5, 9, 8.75], "texture": "#6"},
				"east": {"uv": [8.75, 8.75, 9, 9], "texture": "#6"},
				"south": {"uv": [0, 9, 0.25, 9.25], "texture": "#6"},
				"west": {"uv": [9, 0, 9.25, 0.25], "texture": "#6"},
				"up": {"uv": [0.5, 9.25, 0.25, 9], "texture": "#6"},
				"down": {"uv": [9.25, 0.25, 9, 0.5], "texture": "#6"}
			}
		},
		{
			"name": "Cube",
			"from": [7.6, 7, 9],
			"to": [8.4, 7.1, 9.1],
			"faces": {
				"north": {"uv": [0.5, 9, 0.75, 9.25], "texture": "#6"},
				"east": {"uv": [9, 0.5, 9.25, 0.75], "texture": "#6"},
				"south": {"uv": [0.75, 9, 1, 9.25], "texture": "#6"},
				"west": {"uv": [9, 0.75, 9.25, 1], "texture": "#6"},
				"up": {"uv": [1.25, 9.25, 1, 9], "texture": "#6"},
				"down": {"uv": [9.25, 1, 9, 1.25], "texture": "#6"}
			}
		},
		{
			"name": "Cube",
			"from": [7.6, 6.9, 8.9],
			"to": [8.4, 7, 9],
			"faces": {
				"north": {"uv": [1.25, 9, 1.5, 9.25], "texture": "#6"},
				"east": {"uv": [9, 1.25, 9.25, 1.5], "texture": "#6"},
				"south": {"uv": [1.5, 9, 1.75, 9.25], "texture": "#6"},
				"west": {"uv": [9, 1.5, 9.25, 1.75], "texture": "#6"},
				"up": {"uv": [2, 9.25, 1.75, 9], "texture": "#6"},
				"down": {"uv": [9.25, 1.75, 9, 2], "texture": "#6"}
			}
		},
		{
			"name": "Cube",
			"from": [7.6, 6.8, 9],
			"to": [8.4, 6.9, 9.1],
			"faces": {
				"north": {"uv": [2, 9, 2.25, 9.25], "texture": "#6"},
				"east": {"uv": [9, 2, 9.25, 2.25], "texture": "#6"},
				"south": {"uv": [2.25, 9, 2.5, 9.25], "texture": "#6"},
				"west": {"uv": [9, 2.25, 9.25, 2.5], "texture": "#6"},
				"up": {"uv": [2.75, 9.25, 2.5, 9], "texture": "#6"},
				"down": {"uv": [9.25, 2.5, 9, 2.75], "texture": "#6"}
			}
		},
		{
			"name": "Cube",
			"from": [7.6, 6.7, 8.9],
			"to": [8.4, 6.8, 9],
			"faces": {
				"north": {"uv": [2.75, 9, 3, 9.25], "texture": "#6"},
				"east": {"uv": [9, 2.75, 9.25, 3], "texture": "#6"},
				"south": {"uv": [3, 9, 3.25, 9.25], "texture": "#6"},
				"west": {"uv": [9, 3, 9.25, 3.25], "texture": "#6"},
				"up": {"uv": [3.5, 9.25, 3.25, 9], "texture": "#6"},
				"down": {"uv": [9.25, 3.25, 9, 3.5], "texture": "#6"}
			}
		},
		{
			"name": "Cube",
			"from": [7.6, 6.6, 9],
			"to": [8.4, 6.7, 9.1],
			"faces": {
				"north": {"uv": [3.5, 9, 3.75, 9.25], "texture": "#6"},
				"east": {"uv": [9, 3.5, 9.25, 3.75], "texture": "#6"},
				"south": {"uv": [3.75, 9, 4, 9.25], "texture": "#6"},
				"west": {"uv": [9, 3.75, 9.25, 4], "texture": "#6"},
				"up": {"uv": [4.25, 9.25, 4, 9], "texture": "#6"},
				"down": {"uv": [9.25, 4, 9, 4.25], "texture": "#6"}
			}
		},
		{
			"name": "Cube",
			"from": [7.6, 6.5, 8.9],
			"to": [8.4, 6.6, 9],
			"faces": {
				"north": {"uv": [4.25, 9, 4.5, 9.25], "texture": "#6"},
				"east": {"uv": [9, 4.25, 9.25, 4.5], "texture": "#6"},
				"south": {"uv": [4.5, 9, 4.75, 9.25], "texture": "#6"},
				"west": {"uv": [9, 4.5, 9.25, 4.75], "texture": "#6"},
				"up": {"uv": [5, 9.25, 4.75, 9], "texture": "#6"},
				"down": {"uv": [9.25, 4.75, 9, 5], "texture": "#6"}
			}
		},
		{
			"name": "Cube",
			"from": [7.7, 5.4, 9],
			"to": [8.3, 5.5, 9.1],
			"faces": {
				"north": {"uv": [5, 9, 5.25, 9.25], "texture": "#6"},
				"east": {"uv": [9, 5, 9.25, 5.25], "texture": "#6"},
				"south": {"uv": [5.25, 9, 5.5, 9.25], "texture": "#6"},
				"west": {"uv": [9, 5.25, 9.25, 5.5], "texture": "#6"},
				"up": {"uv": [5.75, 9.25, 5.5, 9], "texture": "#6"},
				"down": {"uv": [9.25, 5.5, 9, 5.75], "texture": "#6"}
			}
		},
		{
			"name": "Cube",
			"from": [7.7, 5.3, 8.9],
			"to": [8.3, 5.4, 9],
			"faces": {
				"north": {"uv": [5.75, 9, 6, 9.25], "texture": "#6"},
				"east": {"uv": [9, 5.75, 9.25, 6], "texture": "#6"},
				"south": {"uv": [6, 9, 6.25, 9.25], "texture": "#6"},
				"west": {"uv": [9, 6, 9.25, 6.25], "texture": "#6"},
				"up": {"uv": [6.5, 9.25, 6.25, 9], "texture": "#6"},
				"down": {"uv": [9.25, 6.25, 9, 6.5], "texture": "#6"}
			}
		},
		{
			"name": "Cube",
			"from": [7.7, 5.2, 9],
			"to": [8.3, 5.3, 9.1],
			"faces": {
				"north": {"uv": [6.5, 9, 6.75, 9.25], "texture": "#6"},
				"east": {"uv": [9, 6.5, 9.25, 6.75], "texture": "#6"},
				"south": {"uv": [6.75, 9, 7, 9.25], "texture": "#6"},
				"west": {"uv": [9, 6.75, 9.25, 7], "texture": "#6"},
				"up": {"uv": [7.25, 9.25, 7, 9], "texture": "#6"},
				"down": {"uv": [9.25, 7, 9, 7.25], "texture": "#6"}
			}
		},
		{
			"name": "Cube",
			"from": [7.7, 5.1, 8.9],
			"to": [8.3, 5.2, 9],
			"faces": {
				"north": {"uv": [7.25, 9, 7.5, 9.25], "texture": "#6"},
				"east": {"uv": [9, 7.25, 9.25, 7.5], "texture": "#6"},
				"south": {"uv": [7.5, 9, 7.75, 9.25], "texture": "#6"},
				"west": {"uv": [9, 7.5, 9.25, 7.75], "texture": "#6"},
				"up": {"uv": [8, 9.25, 7.75, 9], "texture": "#6"},
				"down": {"uv": [9.25, 7.75, 9, 8], "texture": "#6"}
			}
		},
		{
			"name": "Cube",
			"from": [7.7, 5, 9],
			"to": [8.3, 5.1, 9.1],
			"faces": {
				"north": {"uv": [8, 9, 8.25, 9.25], "texture": "#6"},
				"east": {"uv": [9, 8, 9.25, 8.25], "texture": "#6"},
				"south": {"uv": [8.25, 9, 8.5, 9.25], "texture": "#6"},
				"west": {"uv": [9, 8.25, 9.25, 8.5], "texture": "#6"},
				"up": {"uv": [8.75, 9.25, 8.5, 9], "texture": "#6"},
				"down": {"uv": [9.25, 8.5, 9, 8.75], "texture": "#6"}
			}
		},
		{
			"name": "Cube",
			"from": [7.7, 4.9, 8.9],
			"to": [8.3, 5, 9],
			"faces": {
				"north": {"uv": [8.75, 9, 9, 9.25], "texture": "#6"},
				"east": {"uv": [9, 8.75, 9.25, 9], "texture": "#6"},
				"south": {"uv": [9, 9, 9.25, 9.25], "texture": "#6"},
				"west": {"uv": [0, 9.25, 0.25, 9.5], "texture": "#6"},
				"up": {"uv": [9.5, 0.25, 9.25, 0], "texture": "#6"},
				"down": {"uv": [0.5, 9.25, 0.25, 9.5], "texture": "#6"}
			}
		},
		{
			"name": "Cube",
			"from": [7.7, 4.8, 9],
			"to": [8.3, 4.9, 9.1],
			"faces": {
				"north": {"uv": [9.25, 0.25, 9.5, 0.5], "texture": "#6"},
				"east": {"uv": [0.5, 9.25, 0.75, 9.5], "texture": "#6"},
				"south": {"uv": [9.25, 0.5, 9.5, 0.75], "texture": "#6"},
				"west": {"uv": [0.75, 9.25, 1, 9.5], "texture": "#6"},
				"up": {"uv": [9.5, 1, 9.25, 0.75], "texture": "#6"},
				"down": {"uv": [1.25, 9.25, 1, 9.5], "texture": "#6"}
			}
		},
		{
			"name": "Cube",
			"from": [7.7, 4.7, 8.9],
			"to": [8.3, 4.8, 9],
			"faces": {
				"north": {"uv": [9.25, 1, 9.5, 1.25], "texture": "#6"},
				"east": {"uv": [1.25, 9.25, 1.5, 9.5], "texture": "#6"},
				"south": {"uv": [9.25, 1.25, 9.5, 1.5], "texture": "#6"},
				"west": {"uv": [1.5, 9.25, 1.75, 9.5], "texture": "#6"},
				"up": {"uv": [9.5, 1.75, 9.25, 1.5], "texture": "#6"},
				"down": {"uv": [2, 9.25, 1.75, 9.5], "texture": "#6"}
			}
		},
		{
			"name": "Cube",
			"from": [7.7, 4.6, 9],
			"to": [8.3, 4.7, 9.1],
			"faces": {
				"north": {"uv": [9.25, 1.75, 9.5, 2], "texture": "#6"},
				"east": {"uv": [2, 9.25, 2.25, 9.5], "texture": "#6"},
				"south": {"uv": [9.25, 2, 9.5, 2.25], "texture": "#6"},
				"west": {"uv": [2.25, 9.25, 2.5, 9.5], "texture": "#6"},
				"up": {"uv": [9.5, 2.5, 9.25, 2.25], "texture": "#6"},
				"down": {"uv": [2.75, 9.25, 2.5, 9.5], "texture": "#6"}
			}
		},
		{
			"name": "Cube",
			"from": [7.7, 4.5, 8.9],
			"to": [8.3, 4.6, 9],
			"faces": {
				"north": {"uv": [9.25, 2.5, 9.5, 2.75], "texture": "#6"},
				"east": {"uv": [2.75, 9.25, 3, 9.5], "texture": "#6"},
				"south": {"uv": [9.25, 2.75, 9.5, 3], "texture": "#6"},
				"west": {"uv": [3, 9.25, 3.25, 9.5], "texture": "#6"},
				"up": {"uv": [9.5, 3.25, 9.25, 3], "texture": "#6"},
				"down": {"uv": [3.5, 9.25, 3.25, 9.5], "texture": "#6"}
			}
		},
		{
			"name": "Cube",
			"from": [7.7, 4.4, 9],
			"to": [8.3, 4.5, 9.1],
			"faces": {
				"north": {"uv": [9.25, 3.25, 9.5, 3.5], "texture": "#6"},
				"east": {"uv": [3.5, 9.25, 3.75, 9.5], "texture": "#6"},
				"south": {"uv": [9.25, 3.5, 9.5, 3.75], "texture": "#6"},
				"west": {"uv": [3.75, 9.25, 4, 9.5], "texture": "#6"},
				"up": {"uv": [9.5, 4, 9.25, 3.75], "texture": "#6"},
				"down": {"uv": [4.25, 9.25, 4, 9.5], "texture": "#6"}
			}
		},
		{
			"name": "Cube",
			"from": [7.7, 4.3, 8.9],
			"to": [8.3, 4.4, 9],
			"faces": {
				"north": {"uv": [9.25, 4, 9.5, 4.25], "texture": "#6"},
				"east": {"uv": [4.25, 9.25, 4.5, 9.5], "texture": "#6"},
				"south": {"uv": [9.25, 4.25, 9.5, 4.5], "texture": "#6"},
				"west": {"uv": [4.5, 9.25, 4.75, 9.5], "texture": "#6"},
				"up": {"uv": [9.5, 4.75, 9.25, 4.5], "texture": "#6"},
				"down": {"uv": [5, 9.25, 4.75, 9.5], "texture": "#6"}
			}
		},
		{
			"name": "Cube",
			"from": [7.7, 4.2, 9],
			"to": [8.3, 4.3, 9.1],
			"faces": {
				"north": {"uv": [9.25, 4.75, 9.5, 5], "texture": "#6"},
				"east": {"uv": [5, 9.25, 5.25, 9.5], "texture": "#6"},
				"south": {"uv": [9.25, 5, 9.5, 5.25], "texture": "#6"},
				"west": {"uv": [5.25, 9.25, 5.5, 9.5], "texture": "#6"},
				"up": {"uv": [9.5, 5.5, 9.25, 5.25], "texture": "#6"},
				"down": {"uv": [5.75, 9.25, 5.5, 9.5], "texture": "#6"}
			}
		},
		{
			"name": "Cube",
			"from": [7.7, 4.1, 8.9],
			"to": [8.3, 4.2, 9],
			"faces": {
				"north": {"uv": [9.25, 5.5, 9.5, 5.75], "texture": "#6"},
				"east": {"uv": [5.75, 9.25, 6, 9.5], "texture": "#6"},
				"south": {"uv": [9.25, 5.75, 9.5, 6], "texture": "#6"},
				"west": {"uv": [6, 9.25, 6.25, 9.5], "texture": "#6"},
				"up": {"uv": [9.5, 6.25, 9.25, 6], "texture": "#6"},
				"down": {"uv": [6.5, 9.25, 6.25, 9.5], "texture": "#6"}
			}
		},
		{
			"name": "Cube",
			"from": [7.7, 4, 9],
			"to": [8.3, 4.1, 9.1],
			"faces": {
				"north": {"uv": [9.25, 6.25, 9.5, 6.5], "texture": "#6"},
				"east": {"uv": [6.5, 9.25, 6.75, 9.5], "texture": "#6"},
				"south": {"uv": [9.25, 6.5, 9.5, 6.75], "texture": "#6"},
				"west": {"uv": [6.75, 9.25, 7, 9.5], "texture": "#6"},
				"up": {"uv": [9.5, 7, 9.25, 6.75], "texture": "#6"},
				"down": {"uv": [7.25, 9.25, 7, 9.5], "texture": "#6"}
			}
		},
		{
			"name": "Cube",
			"from": [7.7, 3.9, 8.9],
			"to": [8.3, 4, 9],
			"faces": {
				"north": {"uv": [9.25, 7, 9.5, 7.25], "texture": "#6"},
				"east": {"uv": [7.25, 9.25, 7.5, 9.5], "texture": "#6"},
				"south": {"uv": [9.25, 7.25, 9.5, 7.5], "texture": "#6"},
				"west": {"uv": [7.5, 9.25, 7.75, 9.5], "texture": "#6"},
				"up": {"uv": [9.5, 7.75, 9.25, 7.5], "texture": "#6"},
				"down": {"uv": [8, 9.25, 7.75, 9.5], "texture": "#6"}
			}
		},
		{
			"name": "Cube",
			"from": [7.7, 3.8, 9],
			"to": [8.3, 3.9, 9.1],
			"faces": {
				"north": {"uv": [9.25, 7.75, 9.5, 8], "texture": "#6"},
				"east": {"uv": [8, 9.25, 8.25, 9.5], "texture": "#6"},
				"south": {"uv": [9.25, 8, 9.5, 8.25], "texture": "#6"},
				"west": {"uv": [8.25, 9.25, 8.5, 9.5], "texture": "#6"},
				"up": {"uv": [9.5, 8.5, 9.25, 8.25], "texture": "#6"},
				"down": {"uv": [8.75, 9.25, 8.5, 9.5], "texture": "#6"}
			}
		},
		{
			"name": "Cube",
			"from": [7.7, 3.7, 8.9],
			"to": [8.3, 3.8, 9],
			"faces": {
				"north": {"uv": [9.25, 8.5, 9.5, 8.75], "texture": "#6"},
				"east": {"uv": [8.75, 9.25, 9, 9.5], "texture": "#6"},
				"south": {"uv": [9.25, 8.75, 9.5, 9], "texture": "#6"},
				"west": {"uv": [9, 9.25, 9.25, 9.5], "texture": "#6"},
				"up": {"uv": [9.5, 9.25, 9.25, 9], "texture": "#6"},
				"down": {"uv": [9.5, 9.25, 9.25, 9.5], "texture": "#6"}
			}
		},
		{
			"name": "Cube",
			"from": [7.7, 3.6, 9],
			"to": [8.3, 3.7, 9.1],
			"faces": {
				"north": {"uv": [0, 9.5, 0.25, 9.75], "texture": "#6"},
				"east": {"uv": [9.5, 0, 9.75, 0.25], "texture": "#6"},
				"south": {"uv": [0.25, 9.5, 0.5, 9.75], "texture": "#6"},
				"west": {"uv": [9.5, 0.25, 9.75, 0.5], "texture": "#6"},
				"up": {"uv": [0.75, 9.75, 0.5, 9.5], "texture": "#6"},
				"down": {"uv": [9.75, 0.5, 9.5, 0.75], "texture": "#6"}
			}
		},
		{
			"name": "Cube",
			"from": [7.7, 3.5, 8.9],
			"to": [8.3, 3.6, 9],
			"faces": {
				"north": {"uv": [0.75, 9.5, 1, 9.75], "texture": "#6"},
				"east": {"uv": [9.5, 0.75, 9.75, 1], "texture": "#6"},
				"south": {"uv": [1, 9.5, 1.25, 9.75], "texture": "#6"},
				"west": {"uv": [9.5, 1, 9.75, 1.25], "texture": "#6"},
				"up": {"uv": [1.5, 9.75, 1.25, 9.5], "texture": "#6"},
				"down": {"uv": [9.75, 1.25, 9.5, 1.5], "texture": "#6"}
			}
		},
		{
			"name": "Cube",
			"from": [7.7, 3.4, 9],
			"to": [8.3, 3.5, 9.1],
			"faces": {
				"north": {"uv": [1.5, 9.5, 1.75, 9.75], "texture": "#6"},
				"east": {"uv": [9.5, 1.5, 9.75, 1.75], "texture": "#6"},
				"south": {"uv": [1.75, 9.5, 2, 9.75], "texture": "#6"},
				"west": {"uv": [9.5, 1.75, 9.75, 2], "texture": "#6"},
				"up": {"uv": [2.25, 9.75, 2, 9.5], "texture": "#6"},
				"down": {"uv": [9.75, 2, 9.5, 2.25], "texture": "#6"}
			}
		},
		{
			"name": "Cube",
			"from": [7.7, 3.3, 8.9],
			"to": [8.3, 3.4, 9],
			"faces": {
				"north": {"uv": [2.25, 9.5, 2.5, 9.75], "texture": "#6"},
				"east": {"uv": [9.5, 2.25, 9.75, 2.5], "texture": "#6"},
				"south": {"uv": [2.5, 9.5, 2.75, 9.75], "texture": "#6"},
				"west": {"uv": [9.5, 2.5, 9.75, 2.75], "texture": "#6"},
				"up": {"uv": [3, 9.75, 2.75, 9.5], "texture": "#6"},
				"down": {"uv": [9.75, 2.75, 9.5, 3], "texture": "#6"}
			}
		},
		{
			"name": "Cube",
			"from": [7.8, 2.6, 8.7],
			"to": [8.2, 2.8, 9.3],
			"faces": {
				"north": {"uv": [3, 9.5, 3.25, 9.75], "texture": "#6"},
				"east": {"uv": [9.5, 3, 9.75, 3.25], "texture": "#6"},
				"south": {"uv": [3.25, 9.5, 3.5, 9.75], "texture": "#6"},
				"west": {"uv": [9.5, 3.25, 9.75, 3.5], "texture": "#6"},
				"up": {"uv": [3.75, 9.75, 3.5, 9.5], "texture": "#6"},
				"down": {"uv": [9.75, 3.5, 9.5, 3.75], "texture": "#6"}
			}
		}
	],
	"display": {
		"thirdperson_righthand": {
			"scale": [1.3, 1.3, 1.3]
		},
		"thirdperson_lefthand": {
			"scale": [1.3, 1.3, 1.3]
		},
		"firstperson_righthand": {
			"translation": [0, 1, -2.75],
			"scale": [1, 2, 2]
		},
		"firstperson_lefthand": {
			"translation": [-2, 3.25, 2.75]
		},
		"ground": {
			"translation": [1.25, 16, -1.5],
			"scale": [1, 1.12, 1.23]
		},
		"gui": {
			"rotation": [-90, 47.25, 90],
			"translation": [3.5, -5.25, 0],
			"scale": [0.7, 0.7, 0.7]
		},
		"fixed": {
			"rotation": [-90, 47.25, 90],
			"translation": [3.5, -5.25, 0],
			"scale": [0.7, 0.7, 0.7]
		}
	},
	"groups": [
		{
			"name": "group",
			"origin": [8, 8, 8],
			"color": 0,
			"nbt": "{}",
			"armAnimationEnabled": false,
			"children": [0, 1, 2, 3, 4, 5, 6, 7, 8, 9, 10, 11, 12, 13, 14, 15, 16, 17, 18, 19, 20, 21, 22, 23, 24, 25, 26, 27, 28, 29, 30, 31, 32, 33, 34, 35, 36, 37, 38, 39, 40, 41, 42, 43, 44, 45, 46, 47, 48, 49, 50, 51, 52, 53, 54, 55, 56, 57, 58, 59, 60, 61, 62, 63, 64, 65, 66, 67, 68, 69, 70, 71, 72, 73, 74, 75, 76, 77, 78, 79, 80, 81, 82, 83, 84, 85, 86, 87, 88, 89, 90, 91, 92, 93, 94, 95, 96, 97, 98, 99, 100, 101, 102, 103, 104, 105, 106, 107, 108, 109, 110, 111, 112, 113, 114, 115, 116, 117, 118, 119, 120, 121, 122, 123, 124, 125, 126, 127, 128, 129, 130, 131, 132, 133, 134, 135, 136, 137, 138, 139, 140, 141, 142, 143, 144, 145, 146, 147, 148, 149, 150, 151, 152, 153, 154, 155, 156, 157, 158, 159, 160, 161, 162, 163, 164, 165, 166, 167, 168, 169, 170, 171, 172, 173, 174, 175, 176, 177, 178, 179, 180, 181, 182, 183, 184, 185, 186, 187, 188, 189, 190, 191, 192, 193, 194, 195, 196, 197, 198, 199, 200, 201, 202, 203, 204, 205, 206, 207, 208, 209, 210]
		}
	]
}