{
	"credit": "Made with Blockbench",
	"textures": {
		"1": "item/skyroot/skyroot_sword_verbindung",
		"2": "item/skyroot/skyroot_sword_griff",
		"3": "item/skyroot/skyroot_klinge",
		"particle": "item/skyroot/skyroot_klinge"
	},
	"elements": [
		{
			"from": [7.08573, 10.72328, 7.25],
			"to": [10.08573, 20.97328, 8.25],
			"rotation": {"angle": 0, "axis": "y", "origin": [8.58573, 11.59828, 7.75]},
			"faces": {
				"north": {"uv": [0, 0, 3, 10.5], "texture": "#3"},
				"east": {"uv": [6, 0, 7, 10.5], "texture": "#3"},
				"south": {"uv": [3, 0, 6, 10.5], "texture": "#3"},
				"west": {"uv": [7, 0, 8, 10.5], "texture": "#3"},
				"up": {"uv": [11, 1, 8, 0], "texture": "#3"},
				"down": {"uv": [11, 1, 8, 2], "texture": "#3"}
			}
		},
		{
			"from": [6.89995, 18.30196, 7.25],
			"to": [8.99995, 19.35196, 8.25],
			"rotation": {"angle": -45, "axis": "z", "origin": [11.49995, 18.85196, 7.75]},
			"faces": {
				"north": {"uv": [8, 2, 10, 3], "texture": "#3"},
				"east": {"uv": [10, 2, 11, 3], "texture": "#3"},
				"south": {"uv": [8, 3, 10, 4], "texture": "#3"},
				"west": {"uv": [10, 3, 11, 4], "texture": "#3"},
				"up": {"uv": [10, 5, 8, 4], "texture": "#3"},
				"down": {"uv": [10, 5, 8, 6], "texture": "#3"}
			}
		},
		{
			"from": [7.29284, 20.39828, 7.25],
			"to": [9.41784, 21.47328, 8.25],
			"rotation": {"angle": 45, "axis": "z", "origin": [7.79284, 20.97328, 7.75]},
			"faces": {
				"north": {"uv": [8, 6, 10, 7], "texture": "#3"},
				"east": {"uv": [10, 4, 11, 5], "texture": "#3"},
				"south": {"uv": [8, 7, 10, 8], "texture": "#3"},
				"west": {"uv": [10, 5, 11, 6], "texture": "#3"},
				"up": {"uv": [10, 9, 8, 8], "texture": "#3"},
				"down": {"uv": [10, 9, 8, 10], "texture": "#3"}
			}
		},
		{
			"from": [5.33573, 9.47328, 7.25],
			"to": [11.83573, 10.72328, 8.25],
			"rotation": {"angle": 0, "axis": "z", "origin": [8.58573, 11.59828, 7.75]},
			"faces": {
				"north": {"uv": [0, 0, 6.5, 1], "texture": "#1"},
				"east": {"uv": [0, 6, 1, 7], "texture": "#1"},
				"south": {"uv": [0, 1, 6.5, 2], "texture": "#1"},
				"west": {"uv": [1, 6, 2, 7], "texture": "#1"},
				"up": {"uv": [6.5, 3, 0, 2], "texture": "#1"},
				"down": {"uv": [6.5, 3, 0, 4], "texture": "#1"}
			}
		},
		{
			"from": [6.5, 8.5, 7.25],
			"to": [10.75, 9.5, 8.25],
			"rotation": {"angle": 0, "axis": "y", "origin": [0, 0, 0.25]},
			"faces": {
				"north": {"uv": [0, 4, 4.5, 5], "texture": "#1"},
				"east": {"uv": [2, 6, 3, 7], "texture": "#1"},
				"south": {"uv": [0, 5, 4.5, 6], "texture": "#1"},
				"west": {"uv": [3, 6, 4, 7], "texture": "#1"},
				"up": {"uv": [9.5, 5, 5, 4], "texture": "#1"},
				"down": {"uv": [9.5, 5, 5, 6], "texture": "#1"}
			}
		},
		{
			"from": [7, 0, 7.5],
			"to": [10, 3, 8],
			"rotation": {"angle": 45, "axis": "z", "origin": [8.5, 1.5, 7.75]},
			"faces": {
				"north": {"uv": [0, 0, 3, 3], "texture": "#2"},
				"east": {"uv": [2, 6, 2.5, 9], "texture": "#2"},
				"south": {"uv": [0, 3, 3, 6], "texture": "#2"},
				"west": {"uv": [3, 6, 3.5, 9], "texture": "#2"},
				"up": {"uv": [7, 6.5, 4, 6], "texture": "#2"},
				"down": {"uv": [10, 0, 7, 0.5], "texture": "#2"}
			}
		},
		{
			"from": [7.75, 3, 7.4],
			"to": [9.25, 8.5, 8.1],
			"faces": {
				"north": {"uv": [3, 0, 4.5, 5.5], "texture": "#2"},
				"east": {"uv": [0, 6, 0.5, 11.5], "texture": "#2"},
				"south": {"uv": [5, 0, 6.5, 5.5], "texture": "#2"},
				"west": {"uv": [1, 6, 1.5, 11.5], "texture": "#2"},
				"up": {"uv": [8.5, 1.5, 7, 1], "texture": "#2"},
				"down": {"uv": [8.5, 2, 7, 2.5], "texture": "#2"}
			}
		}
	],
	"display": {
		"thirdperson_righthand": {
			"rotation": [0, 90, 0],
			"translation": [0, 1, 2.75],
			"scale": [0.7, 0.7, 0.5]
		},
		"thirdperson_lefthand": {
			"rotation": [0, 90, 0],
			"translation": [0, 1, 2.75],
			"scale": [0.7, 0.7, 0.5]
		},
		"firstperson_righthand": {
			"rotation": [0, 90, 0],
			"translation": [0, 2.25, 2.75],
			"scale": [0.53, 0.67, 0.3]
		},
		"firstperson_lefthand": {
			"rotation": [0, 90, 0],
			"translation": [0, 2.25, 2.75],
			"scale": [0.53, 0.67, 0.3]
		},
		"ground": {
			"translation": [0, 3, 0]
		},
		"gui": {
			"rotation": [0, 0, 45],
			"translation": [2.75, -3.75, 0]
		},
		"head": {
			"translation": [0, 14.25, 0]
		},
		"fixed": {
			"rotation": [0, 0, 45],
			"translation": [2.75, -3.75, 0]
		}
	},
	"groups": [
		{
			"name": "klinge",
			"origin": [8, 8, 8],
			"color": 0,
			"nbt": "{}",
			"armAnimationEnabled": false,
			"children": [0, 1, 2]
		},
		{
			"name": "verbindung",
			"origin": [8, 8, 8],
			"color": 0,
			"nbt": "{}",
			"armAnimationEnabled": false,
			"children": [3, 4]
		},
		{
			"name": "griff",
			"origin": [8, 8, 8],
			"color": 0,
			"nbt": "{}",
			"armAnimationEnabled": false,
			"children": [5, 6]
		}
	]
}